time_s,sensor_time_s,imu_valid,imu_ax_mps2,imu_ay_mps2,imu_az_mps2,gyro_p_rps,gyro_q_rps,gyro_r_rps,imu_accel_norm_mps2,imu_gyro_norm_rps,gps_valid,gps_latency_s,gps_x_m,gps_y_m,gps_z_m,gps_vx_mps,gps_vy_mps,gps_vz_mps,baro_valid,baro_alt_m,baro_bias_m,pitot_valid,pitot_airspeed_mps,pitot_qbar_pa,pitot_compressibility_factor,mag_valid,mag_heading_deg,mag_x_ut,mag_y_ut,mag_z_ut,radar_valid,radar_agl_m,optical_flow_valid,optical_flow_x_radps,optical_flow_y_radps,optical_flow_quality,horizon_valid,horizon_roll_deg,horizon_pitch_deg
0.0,0.0,1.0,17.454093490872985,-0.020209024051329728,0.11435436130614011,-0.00041663729163987705,-0.0007873491565204804,0.002827713925469424,17.454479794962026,0.002964704263725511,1.0,0.0,-0.245673998367889,-1.6935992341378452,18.988461048442854,84.93652578647725,-0.05802398367878919,7.9916836480015006,1.0,20.222815898508227,0.0,1.0,85.17452146921394,4530.735658660058,1.0,1.0,-0.5417128263890634,19.546582590338236,-0.0032372630234107527,-43.912301700596245,1.0,20.027074900609485,1.0,0.021251598833740712,4.288711711651136,0.95,1.0,0.09558769260067916,6.0754624275550455
0.03,0.03,1.0,17.63975553464815,0.004356637491956059,0.617297936776567,-0.0020013244144646836,-0.1605807177427007,0.00027872111342256345,17.650553845281706,0.16059343042488353,1.0,0.0,-0.245673998367889,-1.6935992341378452,18.988461048442854,84.93652578647725,-0.05802398367878919,7.9916836480015006,1.0,20.222815898508227,0.0,1.0,86.21504427459998,4536.096964181587,1.0,1.0,-0.5417128263890634,19.546582590338236,-0.0032372630234107527,-43.912301700596245,1.0,20.027074900609485,1.0,0.021251598833740712,4.288711711651136,0.95,1.0,0.09558769260067916,6.0754624275550455
0.06,0.06,1.0,18.036416411964286,-0.00449099937916274,1.1631486946271152,0.000515601479608942,-0.22637418269432616,0.0022902447479944653,18.07388314780924,0.22638635483706973,1.0,0.0,-0.245673998367889,-1.6935992341378452,18.988461048442854,84.93652578647725,-0.05802398367878919,7.9916836480015006,1.0,20.032636321169257,0.0,1.0,86.74120550163283,4590.82680305547,1.0,1.0,0.7471943888132967,18.95706175487152,0.035608555391001384,-44.056022944549326,1.0,20.239249562456788,1.0,0.0046248014268986375,4.204091454051606,0.9488517419919394,1.0,-0.14439318679355065,6.563101202536866
0.09,0.09,1.0,18.305023157419708,-0.04431610899612866,1.5804509260774,-0.0029724258002860543,-0.1834856577771782,0.0009616550449765278,18.37317778286944,0.183512252194472,1.0,0.0,-0.245673998367889,-1.6935992341378452,18.988461048442854,84.93652578647725,-0.05802398367878919,7.9916836480015006,1.0,20.032636321169257,0.0,1.0,86.78543612608915,4672.735516289982,1.0,1.0,0.7471943888132967,18.95706175487152,0.035608555391001384,-44.056022944549326,1.0,20.239249562456788,1.0,0.0046248014268986375,4.204091454051606,0.9488517419919394,1.0,-0.14439318679355065,6.563101202536866
0.12,0.12,1.0,18.567783054358294,-0.06638679449234383,1.7519405965589185,0.0002966332018223747,-0.10461261004923429,0.0022554529027201224,18.65036918170976,0.10463734151996584,1.0,0.0,-0.245673998367889,-1.6935992341378452,18.988461048442854,84.93652578647725,-0.05802398367878919,7.9916836480015006,1.0,20.080897551632717,0.0,1.0,87.50258413947635,4643.732142543147,1.0,1.0,-0.42614081877317156,18.63443324943275,0.002295383612644037,-44.200816658953684,1.0,21.00753929053803,1.0,-0.0032179305017880277,4.178598343234756,0.9477629882934407,1.0,-0.14055841041859815,7.121086158494815
0.15,0.15,1.0,18.841634304487563,0.028950891361470752,1.9884904925297495,-0.0031653246094162707,-0.05355211918910241,0.0033129352538846814,18.946295570824244,0.053747784042909516,1.0,0.0,-0.245673998367889,-1.6935992341378452,18.988461048442854,84.93652578647725,-0.05802398367878919,7.9916836480015006,1.0,20.080897551632717,0.0,1.0,88.0605399916025,4724.496169742636,1.0,1.0,-0.42614081877317156,18.63443324943275,0.002295383612644037,-44.200816658953684,1.0,21.00753929053803,1.0,-0.0032179305017880277,4.178598343234756,0.9477629882934407,1.0,-0.14055841041859815,7.121086158494815
0.18,0.18,1.0,19.171552268523403,-0.019267265414152877,2.0713326399430714,-0.0013711946699004236,-0.03999542371266659,0.006216855112070629,19.28313269459957,0.040498930606412,1.0,0.0,-0.245673998367889,-1.6935992341378452,18.988461048442854,84.93652578647725,-0.05802398367878919,7.9916836480015006,1.0,21.345886029283093,0.0,1.0,88.69311130057643,4776.104633957752,1.0,1.0,-2.570076967883209,18.51446630351984,-0.029675396876023146,-44.304256708207944,1.0,21.169412443873732,1.0,0.013351657777745272,4.127792690155398,0.9467258051923008,1.0,0.7082931907347939,7.034256513954915
0.21,0.21,1.0,19.48772451766789,-0.05915155572356949,2.3577813492148554,-0.0045192443947006545,-0.04156853018149432,0.004876813658570478,19.629927118401742,0.04209690704564003,1.0,0.0,17.555665058575215,0.1774574948138145,22.89694008938516,88.54499410150088,0.0034224900812961675,6.646770429614659,1.0,21.345886029283093,0.0,1.0,88.35547082321625,4840.790826306017,1.0,1.0,-2.570076967883209,18.51446630351984,-0.029675396876023146,-44.304256708207944,1.0,21.169412443873732,1.0,0.013351657777745272,4.127792690155398,0.9467258051923008,1.0,0.7082931907347939,7.034256513954915
0.24,0.24,1.0,19.682584886231886,-0.018883670200818447,2.498847922552529,-0.0006688055398345175,-0.036660453364496116,0.006400025221353803,19.840583291243462,0.03722091434361161,1.0,0.0,17.555665058575215,0.1774574948138145,22.89694008938516,88.54499410150088,0.0034224900812961675,6.646770429614659,1.0,21.835019908043822,0.0,1.0,90.67101134743776,4872.467132595218,1.0,1.0,-1.347094151488092,18.52004576031252,-0.005055616333940284,-44.35773155633271,1.0,21.84808589657999,1.0,-0.013975491125577673,4.135576790318629,0.9457359328014909,1.0,-0.2600074968417941,7.707138810084042
0.27,0.27,1.0,20.022736776298203,-0.044198946492225936,2.6971838870343414,-0.0036421036904399334,-0.028401222678133827,0.00792535838658255,20.20363191310595,0.02971036308193883,1.0,0.0,17.555665058575215,0.1774574948138145,22.89694008938516,88.54499410150088,0.0034224900812961675,6.646770429614659,1.0,21.835019908043822,0.0,1.0,90.42059942486416,5024.811369102337,1.0,1.0,-1.347094151488092,18.52004576031252,-0.005055616333940284,-44.35773155633271,1.0,21.84808589657999,1.0,-0.013975491125577673,4.135576790318629,0.9457359328014909,1.0,-0.2600074968417941,7.707138810084042
0.3,0.3,1.0,20.30824348412414,0.02565539986282184,2.905486312096612,-0.0022842751557671723,-0.015033420565909656,0.007038728591034859,20.515049654334096,0.016756054042554952,1.0,0.0,17.555665058575215,0.1774574948138145,22.89694008938516,88.54499410150088,0.0034224900812961675,6.646770429614659,1.0,22.380440574994907,0.0,1.0,90.90131335480937,5013.898259465054,1.0,1.0,0.05395754236270761,18.35110102112552,0.03147683392918712,-44.34859266001945,1.0,22.044301994312004,1.0,0.0028871301454307667,4.090755303775841,0.9447889999386111,1.0,-0.8542431180739074,7.697541810497642
0.32999999999999996,0.32999999999999996,1.0,20.700816310803816,0.032860241238210824,2.960789935721945,-0.003104590010466928,-0.005557173428439602,0.01079104852336207,20.9115076637857,0.01252866249367429,1.0,0.0,17.555665058575215,0.1774574948138145,22.89694008938516,88.54499410150088,0.0034224900812961675,6.646770429614659,1.0,22.380440574994907,0.0,1.0,91.33769654504833,5121.540210954913,1.0,1.0,0.05395754236270761,18.35110102112552,0.03147683392918712,-44.34859266001945,1.0,22.044301994312004,1.0,0.0028871301454307667,4.090755303775841,0.9447889999386111,1.0,-0.8542431180739074,7.697541810497642
0.36,0.36,1.0,20.984053915437748,-0.019338710449292612,3.0734603361792123,-0.0035585074096080092,-0.0006238422640758288,0.009090820800200504,21.207947829759178,0.009782391168627459,1.0,0.0,17.555665058575215,0.1774574948138145,22.89694008938516,88.54499410150088,0.0034224900812961675,6.646770429614659,1.0,23.03557843731521,0.0,1.0,92.23515772430744,5181.411292877839,1.0,1.0,0.2693255662970854,18.371450373271937,-0.009707304681894766,-44.396090307029546,1.0,22.932079439130824,1.0,0.022066612715173177,4.071100702369051,0.943881273230775,1.0,-0.05564183681619816,7.769090607996714
0.39,0.39,1.0,21.26126558227785,0.04491982853114018,3.212107698153781,0.002304331667099394,0.005428643318034068,0.009711087218507004,21.502582817319567,0.011361572411945589,1.0,0.0,17.555665058575215,0.1774574948138145,22.89694008938516,88.54499410150088,0.0034224900812961675,6.646770429614659,1.0,23.03557843731521,0.0,1.0,92.0821155223066,5302.44888987778,1.0,1.0,0.2693255662970854,18.371450373271937,-0.009707304681894766,-44.396090307029546,1.0,22.932079439130824,1.0,0.022066612715173177,4.071100702369051,0.943881273230775,1.0,-0.05564183681619816,7.769090607996714
0.42,0.42,1.0,21.35821848129457,0.0094896487326834,3.3520279217040723,-0.001997812103496557,0.007963875158455163,0.009486353694578897,21.619659524054253,0.01254613355416669,1.0,0.0,36.652952180719794,0.8712763385422471,23.21253846086192,92.77083206367837,0.04497999969185426,5.580597122551674,1.0,23.41770274663762,0.0,1.0,92.82819850852606,5343.835347949013,1.0,1.0,-1.174007987727791,18.38480355760528,-0.051623386818779385,-44.48063060604156,1.0,22.879895434025997,1.0,0.012821322081204192,4.064075082633309,0.9430097142168679,1.0,-0.16947582604195874,8.09162909844709
0.44999999999999996,0.44999999999999996,1.0,21.315380363845346,-0.014723676915820017,3.4546300598009236,-0.003140018072518725,0.011204471227110092,0.012951378396037445,21.593520456195783,0.01741086130357219,1.0,0.0,36.652952180719794,0.8712763385422471,23.21253846086192,92.77083206367837,0.04497999969185426,5.580597122551674,1.0,23.41770274663762,0.0,1.0,93.52353025774545,5254.419997621264,1.0,1.0,-1.174007987727791,18.38480355760528,-0.051623386818779385,-44.48063060604156,1.0,22.879895434025997,1.0,0.012821322081204192,4.064075082633309,0.9430097142168679,1.0,-0.16947582604195874,8.09162909844709
0.48,0.48,1.0,21.177011777484818,0.042469206639439254,3.570404291601949,-0.0032938160400564236,0.01650211823450628,0.008884780426459385,21.475926482057368,0.019029147473225212,1.0,0.0,36.652952180719794,0.8712763385422471,23.21253846086192,92.77083206367837,0.04497999969185426,5.580597122551674,1.0,22.84148539967215,0.0,1.0,94.81164039231736,5468.340649806429,1.0,1.0,-0.9111475177092163,18.377381576579733,-0.04868206521396032,-44.289251353655345,1.0,23.243799320941783,1.0,0.02867415215787625,4.080609445130418,0.9421718627844147,1.0,-0.22959576516144056,7.276264678020113
0.51,0.51,1.0,21.18205708634947,-0.003042669334787104,3.6402813449089115,0.001597386987649196,0.014160881409156223,0.008267051950587405,21.492584766316412,0.016475022167700058,1.0,0.0,36.652952180719794,0.8712763385422471,23.21253846086192,92.77083206367837,0.04497999969185426,5.580597122551674,1.0,22.84148539967215,0.0,1.0,95.40015230999016,5554.110845136072,1.0,1.0,-0.9111475177092163,18.377381576579733,-0.04868206521396032,-44.289251353655345,1.0,23.243799320941783,1.0,0.02867415215787625,4.080609445130418,0.9421718627844147,1.0,-0.22959576516144056,7.276264678020113
0.54,0.54,1.0,21.20886157250429,-0.028306683017110264,3.703673485338425,-0.0028320910763221883,0.022194991213575686,0.009591678964854586,21.52983529328433,0.02434417138043765,1.0,0.0,36.652952180719794,0.8712763385422471,23.21253846086192,92.77083206367837,0.04497999969185426,5.580597122551674,1.0,22.005335234180446,0.0,1.0,95.1073758871436,5523.546776289281,1.0,1.0,-0.9516557730051359,18.43284615606269,-0.012490075865231633,-44.25015580964681,1.0,23.347698943063964,1.0,0.003055494884691175,4.065077025281488,0.9413659950701488,1.0,-0.5087015029108389,7.371093522232628
0.57,0.57,1.0,21.20519435354844,0.03385687964755168,3.7698760361211536,-0.00393310732732934,0.022512104442587538,0.0072426115791565686,21.53771991617921,0.023973310204658725,1.0,0.0,36.652952180719794,0.8712763385422471,23.21253846086192,92.77083206367837,0.04497999969185426,5.580597122551674,1.0,22.005335234180446,0.0,1.0,95.84622289250888,5679.436539557253,1.0,1.0,-0.9516557730051359,18.43284615606269,-0.012490075865231633,-44.25015580964681,1.0,23.347698943063964,1.0,0.003055494884691175,4.065077025281488,0.9413659950701488,1.0,-0.5087015029108389,7.371093522232628
0.6,0.6,1.0,21.186534901462455,0.053426715791744205,3.919131712332574,0.001105702579845439,0.020015179477802316,0.008669235345926207,21.546036965610586,0.021840000668653197,1.0,0.0,36.652952180719794,0.8712763385422471,23.21253846086192,92.77083206367837,0.04497999969185426,5.580597122551674,1.0,23.549183909987196,0.0,1.0,96.5955455453101,5758.235615299142,1.0,1.0,0.4523537440214202,18.517536331544406,-0.1200675345051763,-44.34045889548663,1.0,23.915159397184784,1.0,0.02890752104895275,4.052616810136226,0.9405906330532012,1.0,-0.5935255505874607,6.9901927731
0.63,0.63,1.0,21.13766617907143,0.04672690858909057,3.9672759795670633,0.00293254197652905,0.02493611143429677,0.008682196522512432,21.506798776198572,0.02656670834641164,1.0,0.0,55.83662776239941,1.9103827773152051,23.56075633618668,97.05560670885279,0.1655990527205073,5.124629908306221,1.0,23.549183909987196,0.0,1.0,97.36805244563496,5776.205256505328,1.0,1.0,0.4523537440214202,18.517536331544406,-0.1200675345051763,-44.34045889548663,1.0,23.915159397184784,1.0,0.02890752104895275,4.052616810136226,0.9405906330532012,1.0,-0.5935255505874607,6.9901927731
0.6599999999999999,0.6599999999999999,1.0,21.136318164138803,0.005138692452819355,4.050699846935276,0.005372948879732338,0.026500919348758437,0.006890067482062337,21.52096980137804,0.027904127578209446,1.0,0.0,55.83662776239941,1.9103827773152051,23.56075633618668,97.05560670885279,0.1655990527205073,5.124629908306221,1.0,24.15070534333633,0.0,1.0,98.26969382378444,5778.616901098976,1.0,1.0,-0.6331586419982246,18.563845290888057,-0.07027405817101975,-44.29133694093504,1.0,24.006455581694937,1.0,0.0169461643968807,4.039000820679715,0.939844437513078,1.0,0.015799696723719184,6.524689447728905
0.69,0.69,1.0,21.170882656981746,0.0553136789769937,4.189294057623141,0.002480096403411209,0.02654520379296135,0.0062603153995803625,21.581462341092852,0.02738595025706221,1.0,0.0,55.83662776239941,1.9103827773152051,23.56075633618668,97.05560670885279,0.1655990527205073,5.124629908306221,1.0,24.15070534333633,0.0,1.0,99.05478163588438,5963.012840164348,1.0,1.0,-0.6331586419982246,18.563845290888057,-0.07027405817101975,-44.29133694093504,1.0,24.006455581694937,1.0,0.0169461643968807,4.039000820679715,0.939844437513078,1.0,0.015799696723719184,6.524689447728905
0.72,0.72,1.0,21.11601039667141,0.024095199164572572,4.23176052585652,0.008470852854407369,0.02494717870948049,0.003994474748350973,21.535883376336233,0.026647193138471293,1.0,0.0,55.83662776239941,1.9103827773152051,23.56075633618668,97.05560670885279,0.1655990527205073,5.124629908306221,1.0,24.725189628611002,0.0,1.0,99.30227802079163,5931.256576608753,1.0,1.0,0.5795708546031288,18.588098754085667,-0.06387122502716588,-44.17210952351589,1.0,24.36477322657343,1.0,0.015904760959200598,4.058496690612172,0.9391261752700664,1.0,0.09072050607672791,6.862041937390668
0.75,0.75,1.0,21.022803274018706,0.03637214608831665,4.376575546502054,0.008058959559487627,0.02505461883617761,0.003020298020262603,21.47356500316942,0.026491563833394304,1.0,0.0,55.83662776239941,1.9103827773152051,23.56075633618668,97.05560670885279,0.1655990527205073,5.124629908306221,1.0,24.725189628611002,0.0,1.0,100.35731510924876,6047.401825992337,1.0,1.0,0.5795708546031288,18.588098754085667,-0.06387122502716588,-44.17210952351589,1.0,24.36477322657343,1.0,0.015904760959200598,4.058496690612172,0.9391261752700664,1.0,0.09072050607672791,6.862041937390668
0.78,0.78,1.0,20.98465620670079,0.02126053942156591,4.40767695044182,0.010307658462448162,0.02207466599554421,0.002098915234946442,21.4425713062454,0.024452896494215268,1.0,0.0,55.83662776239941,1.9103827773152051,23.56075633618668,97.05560670885279,0.1655990527205073,5.124629908306221,1.0,25.14751981529038,0.0,1.0,100.84172879289632,6235.701530621176,1.0,1.0,-0.025591856142492306,18.711582331065607,-0.06028796138929135,-44.19636124500494,1.0,24.82127880756223,1.0,5.062191093302068e-05,4.055625714223618,0.9384346863680995,1.0,-0.29106899173255496,7.218553940230406
0.8099999999999999,0.8099999999999999,1.0,20.999671058838224,0.10650552232903998,4.524809593193563,0.010093252708971191,0.02538251434924743,0.0016191266119426702,21.48188608712817,0.027363613721919238,1.0,0.0,55.83662776239941,1.9103827773152051,23.56075633618668,97.05560670885279,0.1655990527205073,5.124629908306221,1.0,25.14751981529038,0.0,1.0,100.54641547996764,6248.568533838574,1.0,1.0,-0.025591856142492306,18.711582331065607,-0.06028796138929135,-44.19636124500494,1.0,24.82127880756223,1.0,5.062191093302068e-05,4.055625714223618,0.9384346863680995,1.0,-0.29106899173255496,7.218553940230406
0.84,0.84,1.0,20.918999923906004,0.022789598084658826,4.6079771647328265,0.008051978859108553,0.023420900202177228,0.0012210538858452853,21.420516584173672,0.024796449391395015,1.0,0.0,77.33817470085413,-0.004153466699937653,21.98855062579489,101.42908490556124,0.2604097341686606,4.357171828844222,1.0,24.88535203581211,0.0,1.0,101.80467699821283,6343.468176907144,1.0,1.0,-0.5494027371804333,18.778736360454594,-0.09213277344510867,-44.1867282518548,1.0,24.80847425068615,1.0,0.03654500717132275,4.065374862027483,0.9377688609799669,1.0,-0.040032002343497075,6.957999882031845
0.87,0.87,1.0,20.884623969876728,0.08265912816777943,4.6272936957475,0.014485787200677653,0.026691155829359405,-0.0018511964426128472,21.391264521793087,0.03042503506324365,1.0,0.0,77.33817470085413,-0.004153466699937653,21.98855062579489,101.42908490556124,0.2604097341686606,4.357171828844222,1.0,24.88535203581211,0.0,1.0,101.86139683872045,6571.916763499382,1.0,1.0,-0.5494027371804333,18.778736360454594,-0.09213277344510867,-44.1867282518548,1.0,24.80847425068615,1.0,0.03654500717132275,4.065374862027483,0.9377688609799669,1.0,-0.040032002343497075,6.957999882031845
0.8999999999999999,0.8999999999999999,1.0,20.968453059220153,0.043473399670653196,4.679358347700284,0.01233495281485178,0.02139291534581306,-0.002227374830285611,21.484280490148844,0.024794537434127174,1.0,0.0,77.33817470085413,-0.004153466699937653,21.98855062579489,101.42908490556124,0.2604097341686606,4.357171828844222,1.0,25.316929037546476,0.0,1.0,102.28061653643023,6401.399868102717,1.0,1.0,0.43930550902988735,18.91470976173551,-0.1475141175212962,-44.14693128964131,1.0,25.276624546766982,1.0,0.012149448865087757,4.078042889975948,0.9371276232630129,1.0,0.04034119183330852,6.45704168270342
0.9299999999999999,0.9299999999999999,1.0,20.921262201918402,0.003362217876641073,4.653472833259368,0.010452722204160346,0.025294108514780273,-0.006659440150970648,21.432546111832156,0.02816734758828361,1.0,0.0,77.33817470085413,-0.004153466699937653,21.98855062579489,101.42908490556124,0.2604097341686606,4.357171828844222,1.0,25.316929037546476,0.0,1.0,104.56277884115494,6523.63991212376,1.0,1.0,0.43930550902988735,18.91470976173551,-0.1475141175212962,-44.14693128964131,1.0,25.276624546766982,1.0,0.012149448865087757,4.078042889975948,0.9371276232630129,1.0,0.04034119183330852,6.45704168270342
0.96,0.96,1.0,20.887234987889723,0.05030760303271919,4.876511377880831,0.0159428181213628,0.025797258333528257,-0.007979061013511441,21.448997167999458,0.03135821107517113,1.0,0.0,77.33817470085413,-0.004153466699937653,21.98855062579489,101.42908490556124,0.2604097341686606,4.357171828844222,1.0,25.302187594868272,0.0,1.0,104.61955986142841,6602.624761673167,1.0,1.0,0.35720195419419387,18.87525836634576,-0.1398156593040133,-44.15702325003919,1.0,25.42645386486652,1.0,0.012924511466304479,4.083428302576794,0.9365099188406723,1.0,-0.2955938061829967,7.091217959464559
0.99,0.99,1.0,20.83973543053808,0.0544772019853554,4.966226605650881,0.012844563541390588,0.025574669994852823,-0.007340454323270235,21.423373853784913,0.029545368970220396,1.0,0.0,77.33817470085413,-0.004153466699937653,21.98855062579489,101.42908490556124,0.2604097341686606,4.357171828844222,1.0,25.302187594868272,0.0,1.0,104.84323884699488,6677.529846056866,1.0,1.0,0.35720195419419387,18.87525836634576,-0.1398156593040133,-44.15702325003919,1.0,25.42645386486652,1.0,0.012924511466304479,4.083428302576794,0.9365099188406723,1.0,-0.2955938061829967,7.091217959464559
1.02,1.02,1.0,20.780042075426326,0.030433933138013618,5.054253331577721,0.012930701466136965,0.02232527946394215,-0.01347830925151631,21.38589609112836,0.029108176923829904,1.0,0.0,77.33817470085413,-0.004153466699937653,21.98855062579489,101.42908490556124,0.2604097341686606,4.357171828844222,1.0,26.27082137538988,0.0,1.0,105.49991313185458,6740.2666486238,1.0,1.0,0.7188874740912489,18.975561314373657,-0.22021743576240058,-44.05529490326618,1.0,25.633956109612598,1.0,0.012719833865031942,4.099169255953264,0.9359147059997027,1.0,0.2869534352049843,7.190992953603052
1.05,1.05,1.0,20.840385822188388,0.036924813123953945,5.050239968668149,0.01903237202746046,0.023342831188306778,-0.011939656578025981,21.443599707153375,0.032398678245858216,1.0,0.0,100.30006376060444,-1.3748083430981808,25.40624677559333,105.65902789852055,0.2961432416535497,3.6660796014790225,1.0,26.27082137538988,0.0,1.0,106.05906034289559,6833.823032288177,1.0,1.0,0.7188874740912489,18.975561314373657,-0.22021743576240058,-44.05529490326618,1.0,25.633956109612598,1.0,0.012719833865031942,4.099169255953264,0.9359147059997027,1.0,0.2869534352049843,7.190992953603052
1.08,1.08,1.0,20.789122345086835,-0.05684751795507122,5.15522842684346,0.02057294448230915,0.019279362804638645,-0.01138350381751662,21.418851968586488,0.030405986811621065,1.0,0.0,100.30006376060444,-1.3748083430981808,25.40624677559333,105.65902789852055,0.2961432416535497,3.6660796014790225,1.0,26.141929135434207,0.0,1.0,106.74449353482395,6788.493574614055,1.0,1.0,-1.5819384463747252,19.02820518050901,-0.2657624274532666,-44.04326145963429,1.0,25.459573105008673,1.0,0.016928385510952968,4.099141726714751,0.9353409493216074,1.0,0.17671166275999894,6.46459159690567
1.1099999999999999,1.1099999999999999,1.0,20.692313770198556,0.041042922164117465,5.316118135066179,0.026549519729228564,0.024676150541592945,-0.015028956485333037,21.364331155264093,0.039238487947958554,1.0,0.0,100.30006376060444,-1.3748083430981808,25.40624677559333,105.65902789852055,0.2961432416535497,3.6660796014790225,1.0,26.141929135434207,0.0,1.0,107.02915090444358,6997.751408910946,1.0,1.0,-1.5819384463747252,19.02820518050901,-0.2657624274532666,-44.04326145963429,1.0,25.459573105008673,1.0,0.016928385510952968,4.099141726714751,0.9353409493216074,1.0,0.17671166275999894,6.46459159690567
1.14,1.14,1.0,20.74226175114646,-0.04744273096128321,5.3233361616117945,0.025285552305203688,0.019496441099850135,-0.01499376005342979,21.414518001937804,0.03527439881102078,1.0,0.0,100.30006376060444,-1.3748083430981808,25.40624677559333,105.65902789852055,0.2961432416535497,3.6660796014790225,1.0,26.264344534459106,0.0,1.0,107.67516480603439,7008.163163548118,1.0,1.0,-0.4465658080516488,19.06919121086594,-0.31788204275771564,-44.04725913285973,1.0,26.384992742165196,1.0,-0.005929185559122995,4.120038452267152,0.9347876152668796,1.0,-0.41676214502877384,6.5625117974825855
1.17,1.17,1.0,20.676424487290888,0.01016025914668856,5.354829046108087,0.02987714106512939,0.02161974871997493,-0.017888297158553272,21.358577361859826,0.040988391871031045,1.0,0.0,100.30006376060444,-1.3748083430981808,25.40624677559333,105.65902789852055,0.2961432416535497,3.6660796014790225,1.0,26.264344534459106,0.0,1.0,107.74298271085021,7189.128039649175,1.0,1.0,-0.4465658080516488,19.06919121086594,-0.31788204275771564,-44.04725913285973,1.0,26.384992742165196,1.0,-0.005929185559122995,4.120038452267152,0.9347876152668796,1.0,-0.41676214502877384,6.5625117974825855
1.2,1.2,1.0,20.672200274060046,-0.009106676216664625,5.351396718099373,0.030696705502037153,0.01975150101194314,-0.015582602019485362,21.35362718455309,0.03968912957726912,1.0,0.0,100.30006376060444,-1.3748083430981808,25.40624677559333,105.65902789852055,0.2961432416535497,3.6660796014790225,1.0,26.41429969183687,0.0,1.0,108.61978239829432,7101.0746904107955,1.0,1.0,-0.9978981120390311,19.114379011176215,-0.3279743018478449,-43.98173938300294,1.0,25.908923260800687,1.0,0.010595208083678162,4.144467251799103,0.934253668987255,1.0,0.15821362871594105,7.4485590497008305
1.23,1.23,1.0,20.613126348012084,-0.003995704757324081,5.554306889652527,0.03485203277620823,0.02335707857981731,-0.018133555911079794,21.348332928573324,0.04570605166056142,1.0,0.0,100.30006376060444,-1.3748083430981808,25.40624677559333,105.65902789852055,0.2961432416535497,3.6660796014790225,1.0,26.41429969183687,0.0,1.0,108.70669776358551,7388.373999551718,1.0,1.0,-0.9978981120390311,19.114379011176215,-0.3279743018478449,-43.98173938300294,1.0,25.908923260800687,1.0,0.010595208083678162,4.144467251799103,0.934253668987255,1.0,0.15821362871594105,7.4485590497008305
1.26,1.26,1.0,20.60185028619369,-0.06258254627074877,5.591508282346965,0.03830586171585247,0.020533221017309124,-0.01653407935103441,21.347250798671748,0.04650083856368592,1.0,0.0,120.8052405069055,2.2133289834431626,27.38323300763527,109.95564484896644,0.22697939694553002,3.236818855535931,1.0,25.897525453047137,0.0,1.0,110.31084507919603,7238.864420562542,1.0,1.0,1.1034652217928704,19.211468155319142,-0.3909925376644715,-43.9285339672729,1.0,26.74924794443583,1.0,-0.004262933144746204,4.137042554995972,0.9337380721365653,1.0,0.7154087775768715,6.016468193834356
1.29,1.29,1.0,20.563570816064598,-0.11106804950591784,5.651238122498431,0.04071147815185379,0.01771727677352866,-0.017925197153363704,21.32625783244928,0.04788151044574142,1.0,0.0,120.8052405069055,2.2133289834431626,27.38323300763527,109.95564484896644,0.22697939694553002,3.236818855535931,1.0,25.897525453047137,0.0,1.0,111.71988704966053,7392.979444909882,1.0,1.0,1.1034652217928704,19.211468155319142,-0.3909925376644715,-43.9285339672729,1.0,26.74924794443583,1.0,-0.004262933144746204,4.137042554995972,0.9337380721365653,1.0,0.7154087775768715,6.016468193834356
1.3199999999999998,1.3199999999999998,1.0,20.59993580900058,-0.06357417273696404,5.760027278664071,0.049020175387175735,0.020066293657949822,-0.015887029666983785,21.390168565519485,0.05529947059236797,1.0,0.0,120.8052405069055,2.2133289834431626,27.38323300763527,109.95564484896644,0.22697939694553002,3.236818855535931,1.0,26.465398248120618,0.0,1.0,110.50028890445016,7658.92879406504,1.0,1.0,0.849860810613269,19.216512317585984,-0.5518476666366845,-43.96785000016662,1.0,26.68116194299634,1.0,0.025170305469359302,4.147290934618577,0.9332397820501072,1.0,0.9850320617242289,6.3428637159834995
1.3499999999999999,1.3499999999999999,1.0,20.52609057598097,0.01032644477441387,5.779711426341065,0.05395882124072087,0.017823833122468415,-0.013842539071912841,21.324295185084406,0.05848811250863808,1.0,0.0,120.8052405069055,2.2133289834431626,27.38323300763527,109.95564484896644,0.22697939694553002,3.236818855535931,1.0,26.465398248120618,0.0,1.0,112.6109060854452,7613.260591025149,1.0,1.0,0.849860810613269,19.216512317585984,-0.5518476666366845,-43.96785000016662,1.0,26.68116194299634,1.0,0.025170305469359302,4.147290934618577,0.9332397820501072,1.0,0.9850320617242289,6.3428637159834995
1.38,1.38,1.0,20.521617429851833,-0.10240010763473453,5.843185442781148,0.05460948706529199,0.01986030768776555,-0.011759122497450442,21.337527594310725,0.05928663307101406,1.0,0.0,120.8052405069055,2.2133289834431626,27.38323300763527,109.95564484896644,0.22697939694553002,3.236818855535931,1.0,27.87559014694152,0.0,1.0,112.19112860654378,7733.06652498632,1.0,1.0,0.2602641882306047,19.350548013737363,-0.6265830814656775,-43.92246443805528,1.0,27.31944635933805,1.0,0.004455960321306331,4.170527743629108,0.9327577514128709,1.0,1.2298296888408498,6.749834838853548
1.41,1.41,1.0,20.469720090323207,0.03940922780931118,5.973321810164026,0.065873505549418,0.016440502068760666,-0.010223700320121414,21.323498003639067,0.06865954332704069,1.0,0.0,120.8052405069055,2.2133289834431626,27.38323300763527,109.95564484896644,0.22697939694553002,3.236818855535931,1.0,27.87559014694152,0.0,1.0,113.14344600686239,7831.995712517845,1.0,1.0,0.2602641882306047,19.350548013737363,-0.6265830814656775,-43.92246443805528,1.0,27.31944635933805,1.0,0.004455960321306331,4.170527743629108,0.9327577514128709,1.0,1.2298296888408498,6.749834838853548
1.44,1.44,1.0,20.476575423294328,-0.01485894517941307,6.077140966981584,0.07409779048082299,0.01794965081944097,-0.008523687833166727,21.35935402081905,0.0767158769288149,1.0,0.0,120.8052405069055,2.2133289834431626,27.38323300763527,109.95564484896644,0.22697939694553002,3.236818855535931,1.0,26.72759949172968,0.0,1.0,114.3457334141297,7988.224316788412,1.0,1.0,-0.9165115149098843,19.292537932904484,-0.8324938806337594,-43.91649836096702,1.0,27.355167448592667,1.0,-0.016317312007483053,4.165687248487168,0.9322909285974152,1.0,1.0842653815745789,5.865280735568352
1.47,1.47,1.0,20.489511257829072,-0.08316466697492214,6.1147313662104334,0.0836476099272959,0.018842017363295074,-0.007588910515838537,21.382631447683305,0.08607866069871888,1.0,0.0,145.07337497299395,1.3427083321863351,26.796909265565482,114.05304557692392,-0.15957400804371308,3.1394359344760643,1.0,26.72759949172968,0.0,1.0,114.21764719871412,7932.7225636187095,1.0,1.0,-0.9165115149098843,19.292537932904484,-0.8324938806337594,-43.91649836096702,1.0,27.355167448592667,1.0,-0.016317312007483053,4.165687248487168,0.9322909285974152,1.0,1.0842653815745789,5.865280735568352
1.5,1.5,1.0,20.448860815288576,-0.0646045854626664,6.176700463050489,0.09218268410661173,0.01622307515429655,-0.005436115679756058,21.36145385983256,0.09375706250861858,1.0,0.0,145.07337497299395,1.3427083321863351,26.796909265565482,114.05304557692392,-0.15957400804371308,3.1394359344760643,1.0,27.72427721472789,0.0,1.0,115.14986915351784,8028.494044449522,1.0,1.0,-0.3635862892984798,19.30675498135983,-1.0835541883680873,-43.91879282735428,1.0,27.18949127220101,1.0,-0.003967405733812035,4.205339455338091,0.9318382587284894,1.0,1.2165995889993484,6.154267225761559
1.53,1.53,1.0,20.370605296677308,0.01465621347123914,6.205388385372375,0.10284903817365358,0.015084285883014845,-0.004842559196369876,21.294802651607863,0.10406205222566255,1.0,0.0,145.07337497299395,1.3427083321863351,26.796909265565482,114.05304557692392,-0.15957400804371308,3.1394359344760643,1.0,27.72427721472789,0.0,1.0,115.33689856026902,8157.541870154116,1.0,1.0,-0.3635862892984798,19.30675498135983,-1.0835541883680873,-43.91879282735428,1.0,27.18949127220101,1.0,-0.003967405733812035,4.205339455338091,0.9318382587284894,1.0,1.2165995889993484,6.154267225761559
1.56,1.56,1.0,20.394046715762563,-0.049287640655436026,6.315359362288743,0.11636200846091171,0.016216128501224673,-0.003880916353151113,21.349551156665456,0.11755059059130955,1.0,0.0,145.07337497299395,1.3427083321863351,26.796909265565482,114.05304557692392,-0.15957400804371308,3.1394359344760643,1.0,27.336512304866762,0.0,1.0,115.53113099915097,8296.27532184704,1.0,1.0,-1.9074699249613813,19.410471309353227,-1.4037023894089953,-43.92085687662719,1.0,27.74544432726005,1.0,0.002626418609009748,4.216645381351457,0.9313986855195301,1.0,1.649294882668734,5.939003038860656
1.5899999999999999,1.5899999999999999,1.0,20.34588591809627,0.018242583281383135,6.398562680966051,0.1292094850050748,0.01756762872999662,-0.004596950580723684,21.328314770892806,0.13047928781654683,1.0,0.0,145.07337497299395,1.3427083321863351,26.796909265565482,114.05304557692392,-0.15957400804371308,3.1394359344760643,1.0,27.336512304866762,0.0,1.0,115.98462540305137,8354.043420071222,1.0,1.0,-1.9074699249613813,19.410471309353227,-1.4037023894089953,-43.92085687662719,1.0,27.74544432726005,1.0,0.002626418609009748,4.216645381351457,0.9313986855195301,1.0,1.649294882668734,5.939003038860656
1.6199999999999999,1.6199999999999999,1.0,20.29199107956024,-0.0022348972450925465,6.402164697455261,0.1554567597217818,0.011661848465450266,-0.002488130531203361,21.277984391879333,0.15591341714672036,1.0,0.0,145.07337497299395,1.3427083321863351,26.796909265565482,114.05304557692392,-0.15957400804371308,3.1394359344760643,1.0,26.993719803266142,0.0,1.0,117.67344923681094,8418.051011047859,1.0,1.0,0.5874213182551761,19.4871538721079,-1.7230287127380879,-43.83430710788784,1.0,27.438705698381984,1.0,0.003162289285001026,4.234224933130837,0.9309711540491351,1.0,2.4209833773100735,6.011781876402803
1.65,1.65,1.0,20.24545998010521,-0.025416557110216474,6.581043217978944,0.17149515076884095,0.014726584936821111,-0.00535527555780936,21.288246185262036,0.17220957585868726,1.0,0.0,145.07337497299395,1.3427083321863351,26.796909265565482,114.05304557692392,-0.15957400804371308,3.1394359344760643,1.0,26.993719803266142,0.0,1.0,117.8698830045082,8374.539497902604,1.0,1.0,0.5874213182551761,19.4871538721079,-1.7230287127380879,-43.83430710788784,1.0,27.438705698381984,1.0,0.003162289285001026,4.234224933130837,0.9309711540491351,1.0,2.4209833773100735,6.011781876402803
1.68,1.68,1.0,20.2518127905596,0.00895922694505238,6.590988651907932,0.1949964702078152,0.014135780832796397,-0.005080785417058951,21.29735037466398,0.19557417537526373,1.0,0.0,169.27347096187134,1.458738524131527,24.773548853370173,118.1512787588994,0.2827643525008843,2.675042581762402,1.0,27.997440702590946,0.0,1.0,118.27651515076327,8522.08083831569,1.0,1.0,-0.8033505806043445,19.4603971529465,-2.1438295127215814,-43.818252061669824,1.0,27.766258922831298,1.0,-0.0013123827576432094,4.2469784539528685,0.9305546147291461,1.0,2.6255236018478927,6.3448350989628866
1.71,1.71,1.0,20.222151763642884,0.022925763065405766,6.705497291400269,0.2244799371036212,0.016234448521308908,-0.0011106698890907141,21.30492059284412,0.22506895180908293,1.0,0.0,169.27347096187134,1.458738524131527,24.773548853370173,118.1512787588994,0.2827643525008843,2.675042581762402,1.0,27.997440702590946,0.0,1.0,119.95093662311614,8682.245864328077,1.0,1.0,-0.8033505806043445,19.4603971529465,-2.1438295127215814,-43.818252061669824,1.0,27.766258922831298,1.0,-0.0013123827576432094,4.2469784539528685,0.9305546147291461,1.0,2.6255236018478927,6.3448350989628866
1.74,1.74,1.0,20.280647396386293,0.048758353223899424,6.724320963204918,0.25547438239450365,0.014414978046347227,-0.008902087072955714,21.366411224390408,0.2560355420760646,1.0,0.0,169.27347096187134,1.458738524131527,24.773548853370173,118.1512787588994,0.2827643525008843,2.675042581762402,1.0,27.312171059620564,0.0,1.0,119.66266034199195,8711.137312805828,1.0,1.0,2.386157907157042,19.505083571805653,-2.830887074471444,-43.81458281305676,1.0,27.594738548800684,1.0,0.0014938285260798784,4.264507279718614,0.9301480288202488,1.0,3.8814247055122477,5.825630889529994
1.77,1.77,1.0,20.245435646772815,0.07736855828121729,6.822627478485408,0.29133712640732157,0.014788258072207907,-0.009458288132227058,21.364266805383565,0.29186550500954733,1.0,0.0,169.27347096187134,1.458738524131527,24.773548853370173,118.1512787588994,0.2827643525008843,2.675042581762402,1.0,27.312171059620564,0.0,1.0,119.68859846262166,8860.888211441583,1.0,1.0,2.386157907157042,19.505083571805653,-2.830887074471444,-43.81458281305676,1.0,27.594738548800684,1.0,0.0014938285260798784,4.264507279718614,0.9301480288202488,1.0,3.8814247055122477,5.825630889529994
1.7999999999999998,1.7999999999999998,1.0,20.173091423644173,0.13956683000410933,6.876166557921989,0.34424948401549904,0.01228170016125911,-0.014059768428366573,21.313253224672863,0.3447553110425533,1.0,0.0,169.27347096187134,1.458738524131527,24.773548853370173,118.1512787588994,0.2827643525008843,2.675042581762402,1.0,26.87719484725161,0.0,1.0,119.72660193628357,8844.557085730701,1.0,1.0,-0.44624454889473847,19.577141080881564,-3.5934587272488723,-43.694805092923616,1.0,28.078262167954254,1.0,-0.00402452133302412,4.269745262529882,0.9297503758746382,1.0,5.017745126128177,6.105183002285479
1.8299999999999998,1.8299999999999998,1.0,20.110948902137224,0.08965023002717967,6.936372432177246,0.3831339379921523,0.01258646390261284,-0.01747486457586131,21.273729466785714,0.38373871893111183,1.0,0.0,169.27347096187134,1.458738524131527,24.773548853370173,118.1512787588994,0.2827643525008843,2.675042581762402,1.0,26.87719484725161,0.0,1.0,120.94234487287844,8928.682155631075,1.0,1.0,-0.44624454889473847,19.577141080881564,-3.5934587272488723,-43.694805092923616,1.0,28.078262167954254,1.0,-0.00402452133302412,4.269745262529882,0.9297503758746382,1.0,5.017745126128177,6.105183002285479
1.8599999999999999,1.8599999999999999,1.0,20.070283501889683,0.12474965823187828,7.012418089176394,0.447752698521316,0.009375571872242026,-0.02610243527429563,21.260429200297498,0.44861087537898686,1.0,0.0,169.27347096187134,1.458738524131527,24.773548853370173,118.1512787588994,0.2827643525008843,2.675042581762402,1.0,28.204523726319426,0.0,1.0,121.4359218231226,9059.22001362778,1.0,1.0,-2.6951117642480207,19.650957453024137,-4.666238181966372,-43.61445913916255,1.0,28.39383277776789,1.0,0.01581989044158133,4.273468291881732,0.9293606634333396,1.0,5.985392592083325,6.611097935378977
1.89,1.89,1.0,20.124364471869953,0.14515518667362406,7.115503722559906,0.5141007747988688,0.008213330048182088,-0.033001233694251716,21.345760905871774,0.5152243655579773,1.0,0.0,196.00090640079623,0.7948885176995765,27.564063944487653,122.37451283048786,-0.2496955406824118,2.2445926088938988,1.0,28.204523726319426,0.0,1.0,122.08072366572763,9030.741679029057,1.0,1.0,-2.6951117642480207,19.650957453024137,-4.666238181966372,-43.61445913916255,1.0,28.39383277776789,1.0,0.01581989044158133,4.273468291881732,0.9293606634333396,1.0,5.985392592083325,6.611097935378977
1.92,1.92,1.0,20.069898158162705,0.19565442966840824,7.129631528731538,0.5895793563582291,0.003665312850974817,-0.043291365128408775,21.299547846617646,0.5911779717282778,1.0,0.0,196.00090640079623,0.7948885176995765,27.564063944487653,122.37451283048786,-0.2496955406824118,2.2445926088938988,1.0,28.725802913444024,0.0,1.0,122.93322851368703,9101.72568197437,1.0,1.0,-1.2293162444880603,19.60713427722999,-6.022121002910112,-43.36215040911406,1.0,28.27060432840923,1.0,0.026131817083848166,4.312526144130897,0.9289779391651626,1.0,8.371562074820682,5.767107827840504
1.95,1.95,1.0,20.051956440634015,0.2200214232343906,7.284912671578523,0.6793562773180228,0.002939430768158797,-0.053579635789175996,21.33540060922905,0.6814722071779186,1.0,0.0,196.00090640079623,0.7948885176995765,27.564063944487653,122.37451283048786,-0.2496955406824118,2.2445926088938988,1.0,28.725802913444024,0.0,1.0,123.51588024638133,9227.691316957664,1.0,1.0,-1.2293162444880603,19.60713427722999,-6.022121002910112,-43.36215040911406,1.0,28.27060432840923,1.0,0.026131817083848166,4.312526144130897,0.9289779391651626,1.0,8.371562074820682,5.767107827840504
1.98,1.98,1.0,19.934408000143943,0.1720104111117891,7.315556683325317,0.7768698343988157,-0.00021282265655970015,-0.06654991340684267,21.2350554387004,0.7797151248159708,1.0,0.0,196.00090640079623,0.7948885176995765,27.564063944487653,122.37451283048786,-0.2496955406824118,2.2445926088938988,1.0,28.49972658072026,0.0,1.0,123.79339973857337,9489.357300778429,1.0,1.0,-0.33113551386035217,19.651565998301262,-7.96628850706854,-43.059268164512076,1.0,28.356573177707393,1.0,0.025756795562905922,4.337325049746345,0.9286013055769786,1.0,10.516742329425783,6.015318456767262
2.01,2.01,1.0,20.012279226983413,0.20321512990995652,7.3934733895359335,0.9016643747332515,0.0002050799063584496,-0.08383288619963014,21.33532434741858,0.9055532229137244,1.0,0.0,196.00090640079623,0.7948885176995765,27.564063944487653,122.37451283048786,-0.2496955406824118,2.2445926088938988,1.0,28.49972658072026,0.0,1.0,124.19956662409977,9640.718327199813,1.0,1.0,-0.33113551386035217,19.651565998301262,-7.96628850706854,-43.059268164512076,1.0,28.356573177707393,1.0,0.025756795562905922,4.337325049746345,0.9286013055769786,1.0,10.516742329425783,6.015318456767262
2.04,2.04,1.0,19.923285504989618,0.24590423994632643,7.512886241809132,1.0407921814762966,-0.007043685434213474,-0.1029073484545828,21.29415961926927,1.0458909603264754,1.0,0.0,196.00090640079623,0.7948885176995765,27.564063944487653,122.37451283048786,-0.2496955406824118,2.2445926088938988,1.0,28.374714971299912,0.0,1.0,124.63195671287998,9586.56338352613,1.0,1.0,-0.9357191656402204,19.690223606414506,-10.268826406657086,-42.5736557032766,1.0,28.89699539513997,1.0,0.022708532513633063,4.358010100178292,0.9282299380792233,1.0,13.653133651114294,5.546348892332108
2.07,2.07,1.0,19.834898697858783,0.30277143376898136,7.512524041799618,1.1974937552378537,-0.015271690183015647,-0.1255521392594979,21.212093116287317,1.2041544161889453,1.0,0.0,196.00090640079623,0.7948885176995765,27.564063944487653,122.37451283048786,-0.2496955406824118,2.2445926088938988,1.0,28.374714971299912,0.0,1.0,126.08315146808506,9455.44011640303,1.0,1.0,-0.9357191656402204,19.690223606414506,-10.268826406657086,-42.5736557032766,1.0,28.89699539513997,1.0,0.022708532513633063,4.358010100178292,0.9282299380792233,1.0,13.653133651114294,5.546348892332108
2.1,2.1,1.0,19.872066528396456,0.2715645272251982,7.767541052615769,1.3825701316378836,-0.02293004207038133,-0.14512682250965334,21.337934984565237,1.3903552604778004,1.0,0.0,222.16010667279107,-2.2399876381067787,28.23900923567102,126.1704423700531,-0.4895922023091264,2.483831221202633,1.0,28.359749402574927,0.0,1.0,126.63266690487413,9791.419326712949,1.0,1.0,-3.0280915822163594,19.703327805323244,-13.380753250669244,-41.67666758670489,1.0,28.853145866028242,1.0,0.013031288176183663,4.36352672349456,0.9278631105556536,1.0,18.234844764965654,5.478981769414001
2.13,2.13,1.0,19.817463764040557,0.37653231790909075,7.882426793286055,1.5920720963660862,-0.03798392605080886,-0.1725168611735441,21.33087665280085,1.6018421913705825,1.0,0.0,222.16010667279107,-2.2399876381067787,28.23900923567102,126.1704423700531,-0.4895922023091264,2.483831221202633,1.0,28.359749402574927,0.0,1.0,126.99211449125602,9878.267248841707,1.0,1.0,-3.0280915822163594,19.703327805323244,-13.380753250669244,-41.67666758670489,1.0,28.853145866028242,1.0,0.013031288176183663,4.36352672349456,0.9278631105556536,1.0,18.234844764965654,5.478981769414001
2.16,2.16,1.0,19.790156181432156,0.32030376430747953,8.15845000343676,1.8399723467295748,-0.05021389923777724,-0.20583363616514183,21.408250340592623,1.8521304376806629,1.0,0.0,222.16010667279107,-2.2399876381067787,28.23900923567102,126.1704423700531,-0.4895922023091264,2.483831221202633,1.0,29.407188177616053,0.0,1.0,127.68969324537682,9951.477073441614,1.0,1.0,-2.2147952235693746,19.807768690934754,-17.39344313276717,-40.11778241892833,1.0,29.009379161258476,1.0,-0.008207540748478247,4.3830806379478755,0.927500244675143,1.0,24.988616068125243,5.475868218166627
2.19,2.19,1.0,19.78354866229548,0.41239745644993897,8.359148340644397,2.124267031852374,-0.07080162902917103,-0.23221616910474427,21.48102023453257,2.138094395128934,1.0,0.0,222.16010667279107,-2.2399876381067787,28.23900923567102,126.1704423700531,-0.4895922023091264,2.483831221202633,1.0,29.407188177616053,0.0,1.0,128.79817111442628,9986.013569863224,1.0,1.0,-2.2147952235693746,19.807768690934754,-17.39344313276717,-40.11778241892833,1.0,29.009379161258476,1.0,-0.008207540748478247,4.3830806379478755,0.927500244675143,1.0,24.988616068125243,5.475868218166627
2.2199999999999998,2.2199999999999998,1.0,19.658890281300984,0.4173685462344601,8.64870788401204,2.4338986728783807,-0.09891572693640188,-0.2730603475296482,21.48130144238445,2.451164830089464,1.0,0.0,222.16010667279107,-2.2399876381067787,28.23900923567102,126.1704423700531,-0.4895922023091264,2.483831221202633,1.0,29.054408861004347,0.0,1.0,128.91273811410883,10325.51357990257,1.0,1.0,-2.846174528032749,19.8321903621886,-22.423880026617976,-37.49404089163645,1.0,28.935394440581405,1.0,0.03338510006832597,4.406350258353341,0.9271410377988043,1.0,32.4111367323492,5.326627181521588
2.25,2.25,1.0,19.592488535591706,0.6022837708118615,9.07064110078193,2.74656902050391,-0.13513954455784574,-0.31536784921829125,21.598724099748814,2.767916357337353,1.0,0.0,222.16010667279107,-2.2399876381067787,28.23900923567102,126.1704423700531,-0.4895922023091264,2.483831221202633,1.0,29.054408861004347,0.0,1.0,129.97232241575284,10174.10563592182,1.0,1.0,-2.846174528032749,19.8321903621886,-22.423880026617976,-37.49404089163645,1.0,28.935394440581405,1.0,0.03338510006832597,4.406350258353341,0.9271410377988043,1.0,32.4111367323492,5.326627181521588
2.28,2.28,1.0,19.461300462718498,0.5999241008850558,9.570725298730668,3.069840544230298,-0.18685766680062244,-0.36345955117619677,21.695642589487715,3.0969242160543007,1.0,0.0,222.16010667279107,-2.2399876381067787,28.23900923567102,126.1704423700531,-0.4895922023091264,2.483831221202633,1.0,29.303149860858767,0.0,1.0,129.72572875049056,10361.805722715537,1.0,1.0,-5.916412329357938,20.126776924141673,-28.111253514446904,-33.29450746535525,1.0,30.11211757027334,1.0,0.014255308360828837,4.404375266888036,0.9267857951059134,1.0,42.921792859455635,4.782772752295407
2.31,2.31,1.0,19.29317916869174,0.6776708661815734,10.322268453778122,3.389190534771002,-0.2501202974876897,-0.4186785271255187,21.89144184995532,3.4241005174020045,1.0,0.0,249.13128183951656,1.2779114922582009,30.784116410299955,130.4131878461908,-1.451235608480404,2.3218280125034427,1.0,29.303149860858767,0.0,1.0,129.741836138525,10273.12493840149,1.0,1.0,-5.916412329357938,20.126776924141673,-28.111253514446904,-33.29450746535525,1.0,30.11211757027334,1.0,0.014255308360828837,4.404375266888036,0.9267857951059134,1.0,42.921792859455635,4.782772752295407
2.34,2.34,1.0,19.150505277006804,0.77655504677072,11.245340920967093,3.712105358225151,-0.33341925136089756,-0.4716311165271361,22.221669211247555,3.7567712863333287,1.0,0.0,249.13128183951656,1.2779114922582009,30.784116410299955,130.4131878461908,-1.451235608480404,2.3218280125034427,1.0,29.70951625507656,0.0,1.0,131.4218064033776,10441.273019737508,1.0,1.0,-4.52332831401006,20.380090372491324,-34.09640503728811,-26.99077592423335,1.0,29.642575100490916,1.0,-0.011857917230989232,4.433323750615902,0.926436152498352,1.0,54.89574136025701,4.69747012599848
2.37,2.37,1.0,18.850011228708528,1.028631748276304,12.52690371361161,4.029430427714521,-0.45495225560832525,-0.5388073924776324,22.65622040954969,4.090672870428932,1.0,0.0,249.13128183951656,1.2779114922582009,30.784116410299955,130.4131878461908,-1.451235608480404,2.3218280125034427,1.0,29.70951625507656,0.0,1.0,131.33644584795914,10489.588015884547,1.0,1.0,-4.52332831401006,20.380090372491324,-34.09640503728811,-26.99077592423335,1.0,29.642575100490916,1.0,-0.011857917230989232,4.433323750615902,0.926436152498352,1.0,54.89574136025701,4.69747012599848
2.4,2.4,1.0,18.597963386164515,1.2164086445054543,14.281442315451969,4.346672361936118,-0.6181795391065597,-0.6134954020092757,23.480278676223705,4.433067016510785,1.0,0.0,249.13128183951656,1.2779114922582009,30.784116410299955,130.4131878461908,-1.451235608480404,2.3218280125034427,1.0,29.080480106036667,0.0,1.0,131.59604959238686,10506.81687926563,1.0,1.0,-10.87411414336805,20.880616233660074,-39.04877613587088,-18.469019512263102,1.0,29.725590947880036,1.0,0.01892522459354403,4.42157039146839,0.9260968692904579,1.0,69.06797708440915,3.48137568210074
2.4299999999999997,2.4299999999999997,1.0,18.267534076915773,1.7040037396596817,16.654896476867524,4.670276527987281,-0.8557837898795095,-0.6927126775497601,24.778862093551176,4.79830174087954,1.0,0.0,249.13128183951656,1.2779114922582009,30.784116410299955,130.4131878461908,-1.451235608480404,2.3218280125034427,1.0,29.080480106036667,0.0,1.0,132.31954094978119,10790.313427413528,1.0,1.0,-10.87411414336805,20.880616233660074,-39.04877613587088,-18.469019512263102,1.0,29.725590947880036,1.0,0.01892522459354403,4.42157039146839,0.9260968692904579,1.0,69.06797708440915,3.48137568210074
2.46,2.46,1.0,17.229006157781846,2.1757569417498384,18.645252849674733,4.996098949357915,-1.1845202972751188,-0.7827263498012437,25.479757166871924,5.19391505370517,1.0,0.0,249.13128183951656,1.2779114922582009,30.784116410299955,130.4131878461908,-1.451235608480404,2.3218280125034427,1.0,30.037126592988354,0.0,1.0,133.0722969024256,10609.578698081652,1.0,1.0,-15.208198482798602,21.992615762091784,-41.982756408610214,-7.941136318778405,1.0,30.177327920519986,1.0,0.04973206633163259,4.397846199309313,0.9257803603564505,0.0,69.06797708440915,3.48137568210074
2.4899999999999998,2.4899999999999998,1.0,15.217354058590429,3.1679615567123984,21.19605265897787,5.323682799529983,-1.7639668773317478,-0.8829909060807959,26.284529542897836,5.677398227582446,1.0,0.0,249.13128183951656,1.2779114922582009,30.784116410299955,130.4131878461908,-1.451235608480404,2.3218280125034427,1.0,30.037126592988354,0.0,1.0,132.6959223257147,10821.213924168243,1.0,1.0,-15.208198482798602,21.992615762091784,-41.982756408610214,-7.941136318778405,1.0,30.177327920519986,1.0,0.04973206633163259,4.397846199309313,0.9257803603564505,0.0,69.06797708440915,3.48137568210074
2.52,2.52,1.0,12.729169835153575,4.078943392610725,25.180543319805185,5.668334370807807,-2.3398558446111415,-0.9925017140973111,28.508407633063126,6.2120849612129545,1.0,0.0,277.44304519991147,0.23944474225055634,29.8871858922334,133.55480663546564,-4.500248862747779,1.5822318095662937,1.0,28.9665313691434,0.0,1.0,133.50034506044514,11043.907558199207,1.0,1.0,-18.379032362375344,24.062997403323447,-41.47032920767962,3.081501763553214,1.0,30.015491671081943,1.0,0.1498517387248409,4.2592344143876755,0.925517707587825,0.0,69.06797708440915,3.48137568210074
2.55,2.55,1.0,10.93802126785748,5.4422020716069595,26.95510605867628,6.020395230868268,-2.913074543346123,-1.0789438171050993,29.59452002109161,6.774605655787053,1.0,0.0,277.44304519991147,0.23944474225055634,29.8871858922334,133.55480663546564,-4.500248862747779,1.5822318095662937,1.0,28.9665313691434,0.0,1.0,133.90461718081963,11006.961093856928,1.0,1.0,-18.379032362375344,24.062997403323447,-41.47032920767962,3.081501763553214,1.0,30.015491671081943,1.0,0.1498517387248409,4.2592344143876755,0.925517707587825,0.0,69.06797708440915,3.48137568210074
2.58,2.58,1.0,11.003622496470427,7.393063023833179,25.357687477655464,6.3922905390989895,-3.4884954744307994,-1.1330444270254347,28.613797425955962,7.369855404619009,1.0,0.0,277.44304519991147,0.23944474225055634,29.8871858922334,133.55480663546564,-4.500248862747779,1.5822318095662937,1.0,30.471953546147407,0.0,1.0,134.09123436626953,10856.522858736551,1.0,1.0,-26.68253365417436,28.247113288837305,-36.69217610926434,12.6951943488916,1.0,29.766115382996595,1.0,0.49041884078997133,3.995647737881035,0.9253716150202073,0.0,69.06797708440915,3.48137568210074
2.61,2.61,1.0,10.91874311099891,10.252959198777848,23.9382820788009,6.799347582275944,-4.064913570474773,-1.1836657262979706,28.237979253835245,8.009726239494343,1.0,0.0,277.44304519991147,0.23944474225055634,29.8871858922334,133.55480663546564,-4.500248862747779,1.5822318095662937,1.0,30.471953546147407,0.0,1.0,133.80727312549655,10828.712283344568,1.0,1.0,-26.68253365417436,28.247113288837305,-36.69217610926434,12.6951943488916,1.0,29.766115382996595,1.0,0.49041884078997133,3.995647737881035,0.9253716150202073,0.0,69.06797708440915,3.48137568210074
2.6399999999999997,2.6399999999999997,1.0,11.133077465306785,14.04886887222501,23.040453921902355,7.2509825218294655,-4.6406839383900245,-1.2358303414813498,29.192099057190116,8.697124328238239,1.0,0.0,277.44304519991147,0.23944474225055634,29.8871858922334,133.55480663546564,-4.500248862747779,1.5822318095662937,1.0,29.368666866028214,0.0,1.0,133.32304349132875,10986.677555657881,1.0,1.0,-34.67940098699072,34.767259001406366,-27.71219214491155,18.17093962222774,1.0,29.724446392795603,1.0,1.154378034370055,3.5112370756586477,0.9254074006507474,0.0,69.06797708440915,3.48137568210074
2.67,2.67,1.0,12.417403964111928,18.768629252840693,23.43996845699817,7.7542786265238925,-5.2217969166549985,-1.3147397596375399,32.49439161614815,9.440579468026561,1.0,0.0,277.44304519991147,0.23944474225055634,29.8871858922334,133.55480663546564,-4.500248862747779,1.5822318095662937,1.0,29.368666866028214,0.0,1.0,133.66049615101002,10687.962770549697,1.0,1.0,-34.67940098699072,34.767259001406366,-27.71219214491155,18.17093962222774,1.0,29.724446392795603,1.0,1.154378034370055,3.5112370756586477,0.9254074006507474,0.0,69.06797708440915,3.48137568210074
2.6999999999999997,2.6999999999999997,1.0,13.706188703503974,24.02874713938465,23.50816603845686,8.3290173362615,-5.792041964496733,-1.4471744069201695,36.30253666558582,10.247662839412728,1.0,0.0,277.44304519991147,0.23944474225055634,29.8871858922334,133.55480663546564,-4.500248862747779,1.5822318095662937,1.0,29.562879484466354,0.0,1.0,133.10839677761655,10785.363631692786,1.0,1.0,-35.11322199569757,42.42338655919333,-16.128833871471002,15.888393131478864,1.0,30.00369442819515,1.0,2.1528090324622453,2.802714822898578,0.9256739673207454,0.0,69.06797708440915,3.48137568210074
2.73,2.73,1.0,15.054420846130544,25.843598907178084,22.679743097740648,8.903355975271667,-6.369394426282914,-1.6452900846974177,37.5352892418191,11.070045729028095,1.0,0.0,303.5175127674166,-0.3797177313955782,31.68329009281358,132.06041787850373,-9.990863029177941,-3.428671702889946,1.0,29.562879484466354,0.0,1.0,131.79319808243363,10810.743028906323,1.0,1.0,-35.11322199569757,42.42338655919333,-16.128833871471002,15.888393131478864,1.0,30.00369442819515,1.0,2.1528090324622453,2.802714822898578,0.9256739673207454,0.0,69.06797708440915,3.48137568210074
2.76,2.76,1.0,16.19750360017552,26.799424621111235,21.272643901960702,9.073373582379022,-6.910681079819511,-1.6388842336833216,37.85622355016342,11.522567538695734,1.0,0.0,303.5175127674166,-0.3797177313955782,31.68329009281358,132.06041787850373,-9.990863029177941,-3.428671702889946,1.0,28.156640718694046,0.0,1.0,132.21971898036662,10422.911698251977,1.0,1.0,-17.692777900845556,47.5362287610358,-5.99638788071711,3.6147126685162845,1.0,29.204867843455876,1.0,3.222707188227339,2.145851595900569,0.9262491722245623,0.0,69.06797708440915,3.48137568210074
2.79,2.79,1.0,17.120572447453902,27.52298411007643,19.44714669601387,9.072272223393462,-7.365206506397823,-1.4563910161195694,37.79973769576081,11.775969810129235,1.0,0.0,303.5175127674166,-0.3797177313955782,31.68329009281358,132.06041787850373,-9.990863029177941,-3.428671702889946,1.0,28.156640718694046,0.0,1.0,131.3238341305912,10516.979128765064,1.0,1.0,-17.692777900845556,47.5362287610358,-5.99638788071711,3.6147126685162845,1.0,29.204867843455876,1.0,3.222707188227339,2.145851595900569,0.9262491722245623,0.0,69.06797708440915,3.48137568210074
2.82,2.82,1.0,18.011203903590626,27.180215128893476,18.872828787599342,9.076502666981225,-7.717552113143732,-1.1191439038578885,37.674278054870356,11.966452872942293,1.0,0.0,303.5175127674166,-0.3797177313955782,31.68329009281358,132.06041787850373,-9.990863029177941,-3.428671702889946,1.0,30.41535613686688,0.0,1.0,130.35387375294147,10360.878516179617,1.0,1.0,40.399760436561635,45.302741804178,-5.382386638474067,-14.905978265123231,1.0,29.175517418575748,1.0,3.9936547060202474,1.7284798476426342,0.9271739590437567,1.0,-55.900609527358206,-61.585039676522634
2.85,2.85,1.0,20.96859696987964,20.054113444357725,17.71274701282401,9.075688323270937,-7.512838703548156,-0.656964849741859,33.993983756904996,11.800104522438938,1.0,0.0,303.5175127674166,-0.3797177313955782,31.68329009281358,132.06041787850373,-9.990863029177941,-3.428671702889946,1.0,30.41535613686688,0.0,1.0,129.8541737805208,10293.83589903579,1.0,1.0,40.399760436561635,45.302741804178,-5.382386638474067,-14.905978265123231,1.0,29.175517418575748,1.0,3.9936547060202474,1.7284798476426342,0.9271739590437567,1.0,-55.900609527358206,-61.585039676522634
2.88,2.88,1.0,21.082713146692488,19.09395206746042,-22.924186498305573,9.075187343291573,-7.411607630546075,-0.1684327073020421,36.531878213271376,11.71833275521298,1.0,0.0,303.5175127674166,-0.3797177313955782,31.68329009281358,132.06041787850373,-9.990863029177941,-3.428671702889946,1.0,28.33193971129995,0.0,1.0,129.70345884273962,10277.608526498136,1.0,1.0,57.84012732241851,35.71802650098518,-16.291310760005054,-27.633950060697,1.0,28.03592631847564,1.0,4.15149739755331,1.778497570397703,0.928374607449701,1.0,-9.448543063846254,-38.75123789863881
2.9099999999999997,2.9099999999999997,1.0,20.052276085064385,19.991024669972656,-21.28855489556702,9.073249275769337,-7.987537682195994,0.35652316207169427,35.42509580916713,12.09345771108674,1.0,0.0,303.5175127674166,-0.3797177313955782,31.68329009281358,132.06041787850373,-9.990863029177941,-3.428671702889946,1.0,28.33193971129995,0.0,1.0,129.53349579491206,10215.211070634416,1.0,1.0,57.84012732241851,35.71802650098518,-16.291310760005054,-27.633950060697,1.0,28.03592631847564,1.0,4.15149739755331,1.778497570397703,0.928374607449701,1.0,-9.448543063846254,-38.75123789863881
2.94,2.94,1.0,18.852676179574527,19.95066906066583,-17.960382412098514,9.074625104828824,-8.565553883007325,0.9365837438651132,32.80286468418457,12.51378133200208,1.0,0.0,332.6980998196134,-3.4732351172428526,28.97413371879532,128.10831829293875,-7.542789528961529,-10.448812438954809,1.0,27.096902006835784,0.0,1.0,128.52058519266438,10293.779550340198,1.0,1.0,58.065971082991894,20.267965518310557,-33.06995945113536,-28.184864715081805,1.0,27.670091170928902,1.0,3.750102385831498,2.176105411065772,0.9298995674956493,1.0,21.775169728109525,-11.224149955223703
2.9699999999999998,2.9699999999999998,1.0,18.231828960453363,18.97038587272251,-18.062703228528555,9.070725207359926,-9.077036522636114,1.5079061849758626,31.914516686378185,12.920697693367536,1.0,0.0,332.6980998196134,-3.4732351172428526,28.97413371879532,128.10831829293875,-7.542789528961529,-10.448812438954809,1.0,27.096902006835784,0.0,1.0,128.16858868869866,10217.429490428463,1.0,1.0,58.065971082991894,20.267965518310557,-33.06995945113536,-28.184864715081805,1.0,27.670091170928902,1.0,3.750102385831498,2.176105411065772,0.9298995674956493,1.0,21.775169728109525,-11.224149955223703
3.0,3.0,1.0,17.642169390072887,18.556172184076654,-17.966125112220453,9.076628757749818,-9.076575781613437,2.085266053244055,31.278735883361453,13.004528135929986,1.0,0.0,332.6980998196134,-3.4732351172428526,28.97413371879532,128.10831829293875,-7.542789528961529,-10.448812438954809,1.0,28.47988088478065,0.0,1.0,127.75934418611986,10003.897526177127,1.0,1.0,44.24165583996057,4.203587746859332,-45.98579940491101,-12.898782483820291,1.0,27.61010476680664,1.0,3.1009712332386474,2.8932951237902667,0.931633170369526,1.0,54.01301711965443,16.91499239969817
3.03,3.03,1.0,17.505178549810815,17.98250476051542,-19.01361143751654,9.08079326500267,-9.075382725480521,2.6604227864400336,31.4852215081866,13.111110835405118,1.0,0.0,332.6980998196134,-3.4732351172428526,28.97413371879532,128.10831829293875,-7.542789528961529,-10.448812438954809,1.0,28.47988088478065,0.0,1.0,127.65563472140205,10043.687500384993,1.0,1.0,44.24165583996057,4.203587746859332,-45.98579940491101,-12.898782483820291,1.0,27.61010476680664,1.0,3.1009712332386474,2.8932951237902667,0.931633170369526,1.0,54.01301711965443,16.91499239969817
3.06,3.06,1.0,17.709172186266954,17.67608813087912,-20.020398229624387,9.076900528191036,-8.943598221677656,3.235041275709174,32.04489376493865,13.146998303986065,1.0,0.0,332.6980998196134,-3.4732351172428526,28.97413371879532,128.10831829293875,-7.542789528961529,-10.448812438954809,1.0,26.66224670545821,0.0,1.0,127.90246164091589,9986.662352299672,1.0,1.0,15.119072731702758,-4.251135748584853,-45.957782077444094,13.072726755149212,1.0,26.71011515499326,1.0,2.6816362089338934,3.5258794275481145,0.9333758098145002,0.0,54.01301711965443,16.91499239969817
3.09,3.09,1.0,17.61307624539909,17.928866624206805,-20.75205714933165,9.07555685174295,-8.367129658371658,3.8146705375328236,32.59313714854655,12.919996215136521,1.0,0.0,332.6980998196134,-3.4732351172428526,28.97413371879532,128.10831829293875,-7.542789528961529,-10.448812438954809,1.0,26.66224670545821,0.0,1.0,128.19281621686517,10101.65425766523,1.0,1.0,15.119072731702758,-4.251135748584853,-45.957782077444094,13.072726755149212,1.0,26.71011515499326,1.0,2.6816362089338934,3.5258794275481145,0.9333758098145002,0.0,54.01301711965443,16.91499239969817
3.12,3.12,1.0,17.775968110461356,18.42705441228053,-22.062378403582798,9.074445832664459,-7.7919233532426615,4.390705871560416,33.797779770277266,12.741190476691134,1.0,0.0,332.6980998196134,-3.4732351172428526,28.97413371879532,128.10831829293875,-7.542789528961529,-10.448812438954809,1.0,25.856109345597712,0.0,1.0,127.45765831429566,10155.850795522296,1.0,1.0,-21.111580904737377,-1.7236233286372302,-31.336551788112644,36.28521851294099,1.0,26.290983433852052,1.0,2.759856911683456,3.756298119632386,0.934972085137421,0.0,54.01301711965443,16.91499239969817
3.15,3.15,1.0,17.878233013309874,19.10864277104933,-22.734216988453586,9.075102180602736,-7.219572937316709,4.849194091934549,34.66433421123028,12.569582185851257,1.0,0.0,357.97027368885813,-4.507317618885499,24.008844458955213,127.09801366286264,-3.4662027862356717,-9.44058394271752,1.0,25.856109345597712,0.0,1.0,127.35124596102092,9828.468188299788,1.0,1.0,-21.111580904737377,-1.7236233286372302,-31.336551788112644,36.28521851294099,1.0,26.290983433852052,1.0,2.759856911683456,3.756298119632386,0.934972085137421,0.0,54.01301711965443,16.91499239969817
3.1799999999999997,3.1799999999999997,1.0,18.02405691516894,19.767989042459284,-22.772198885118495,9.077943822996037,-7.027965871333605,5.152134808101285,35.131368611647225,12.583555198073027,1.0,0.0,357.97027368885813,-4.507317618885499,24.008844458955213,127.09801366286264,-3.4662027862356717,-9.44058394271752,1.0,25.41614339811858,0.0,1.0,127.61121912449543,9885.551270014417,1.0,1.0,-43.10566367012831,10.138344457478322,-9.47021207833149,45.93708538986878,1.0,25.577288711156758,1.0,3.118167228542935,3.636901067797638,0.9363661565337743,0.0,54.01301711965443,16.91499239969817
3.21,3.21,1.0,18.252913488432174,20.5345944090049,-22.342236102012443,9.080605662266885,-7.24692103167985,5.367655406543343,35.41205913804777,12.797929058890393,1.0,0.0,357.97027368885813,-4.507317618885499,24.008844458955213,127.09801366286264,-3.4662027862356717,-9.44058394271752,1.0,25.41614339811858,0.0,1.0,127.8300492481874,9844.548664891241,1.0,1.0,-43.10566367012831,10.138344457478322,-9.47021207833149,45.93708538986878,1.0,25.577288711156758,1.0,3.118167228542935,3.636901067797638,0.9363661565337743,0.0,54.01301711965443,16.91499239969817
3.2399999999999998,3.2399999999999998,1.0,18.404001386391776,20.958541841669195,-21.850275450492436,9.072527106354235,-7.822346217221461,5.584827922532898,35.43165647301437,13.217040189161654,1.0,0.0,357.97027368885813,-4.507317618885499,24.008844458955213,127.09801366286264,-3.4662027862356717,-9.44058394271752,1.0,24.803391317230343,0.0,1.0,127.37078281002519,9770.378002106141,1.0,1.0,-48.904703528979375,29.342703161463227,7.326929942995188,37.27230120753589,1.0,24.887827052042752,1.0,3.4100766597666565,3.3670648741381584,0.9376571538117897,0.0,54.01301711965443,16.91499239969817
3.27,3.27,1.0,18.31567141734945,20.857531089553067,-21.105760063434676,9.07502983049217,-8.402565864716971,5.891633175768512,34.87052523945199,13.699292719445255,1.0,0.0,357.97027368885813,-4.507317618885499,24.008844458955213,127.09801366286264,-3.4662027862356717,-9.44058394271752,1.0,24.803391317230343,0.0,1.0,126.74461593764028,9880.459703187566,1.0,1.0,-48.904703528979375,29.342703161463227,7.326929942995188,37.27230120753589,1.0,24.887827052042752,1.0,3.4100766597666565,3.3670648741381584,0.9376571538117897,0.0,54.01301711965443,16.91499239969817
3.3,3.3,1.0,18.36670386523904,20.643457186228094,-20.212117068194026,9.07557703521315,-8.975028680813352,6.35648777617995,34.23474568112635,14.259108499209749,1.0,0.0,357.97027368885813,-4.507317618885499,24.008844458955213,127.09801366286264,-3.4662027862356717,-9.44058394271752,1.0,23.490870232530813,0.0,1.0,126.74665618492156,9865.29121061304,1.0,1.0,-29.91971113009489,45.77338681208672,7.164988988324437,12.628350737041508,1.0,24.472254610813863,1.0,3.6772253843667575,3.120228349576186,0.9390656454810155,0.0,54.01301711965443,16.91499239969817
3.33,3.33,1.0,18.25096071307964,20.823739119761978,-19.017177323154144,9.073684758080088,-9.07711842563583,6.9328779104351055,33.59134875557351,14.587344862003896,1.0,0.0,357.97027368885813,-4.507317618885499,24.008844458955213,127.09801366286264,-3.4662027862356717,-9.44058394271752,1.0,23.490870232530813,0.0,1.0,126.16395815650029,9901.722039717704,1.0,1.0,-29.91971113009489,45.77338681208672,7.164988988324437,12.628350737041508,1.0,24.472254610813863,1.0,3.6772253843667575,3.120228349576186,0.9390656454810155,0.0,54.01301711965443,16.91499239969817
3.36,3.36,1.0,18.68265513958768,20.211528352436392,-18.869703764419288,9.079198764940138,-9.077006906927327,7.510123705942356,33.37084358482778,14.87366339138594,1.0,0.0,386.1222397805464,-8.324141207989749,24.30306246993429,124.83229434611306,-8.232808836374497,-11.974430293250812,1.0,22.666978559190166,0.0,1.0,125.75547278502461,9798.554179496296,1.0,1.0,37.14322485936733,44.64590799914133,-13.205187378018588,-11.700230873377022,1.0,23.965371795186908,1.0,3.8644081220201074,2.767201540830663,0.9407824750897569,1.0,-8.082402834543233,-53.638249086972294
3.3899999999999997,3.3899999999999997,1.0,19.137634306087843,19.601905052392812,-18.988143852358778,9.076830718796709,-9.07199717553643,8.085226285453228,33.33216667836707,15.16775767005843,1.0,0.0,386.1222397805464,-8.324141207989749,24.30306246993429,124.83229434611306,-8.232808836374497,-11.974430293250812,1.0,22.666978559190166,0.0,1.0,125.33627771496515,9715.716155083453,1.0,1.0,37.14322485936733,44.64590799914133,-13.205187378018588,-11.700230873377022,1.0,23.965371795186908,1.0,3.8644081220201074,2.767201540830663,0.9407824750897569,1.0,-8.082402834543233,-53.638249086972294
3.42,3.42,1.0,19.590973655320095,18.725870338094094,-19.006528115461503,9.075328025206765,-9.073354485596923,8.660214084304606,33.10154950582203,15.481816701291647,1.0,0.0,386.1222397805464,-8.324141207989749,24.30306246993429,124.83229434611306,-8.232808836374497,-11.974430293250812,1.0,23.069790690347855,0.0,1.0,125.09968418478485,9507.400567659008,1.0,1.0,60.356134071943835,22.66325974137151,-39.031960803380855,-16.22562450324501,1.0,22.980733092506846,1.0,3.8218686371325026,2.45447556728801,0.9428263151831234,1.0,37.74826699632362,-15.30693699710423
3.4499999999999997,3.4499999999999997,1.0,19.759117146440687,17.7748931976633,-19.06728963376142,9.076964690586136,-9.075643910966711,9.074517056987586,32.70980086415766,15.719588423695237,1.0,0.0,386.1222397805464,-8.324141207989749,24.30306246993429,124.83229434611306,-8.232808836374497,-11.974430293250812,1.0,23.069790690347855,0.0,1.0,124.56903270406475,9269.55043451246,1.0,1.0,60.356134071943835,22.66325974137151,-39.031960803380855,-16.22562450324501,1.0,22.980733092506846,1.0,3.8218686371325026,2.45447556728801,0.9428263151831234,1.0,37.74826699632362,-15.30693699710423
3.48,3.48,1.0,19.6343767982615,16.922373184996555,-19.014373825037165,9.075333989879944,-8.766166828124325,9.074486495474945,32.146879761909375,15.541997073829819,1.0,0.0,386.1222397805464,-8.324141207989749,24.30306246993429,124.83229434611306,-8.232808836374497,-11.974430293250812,1.0,21.784328767388054,0.0,1.0,124.68189529088166,9488.949731532673,1.0,1.0,55.76211118784251,-5.851396452954103,-47.52310553406195,3.8418115158475103,1.0,22.001133060870128,1.0,3.4055077395485784,2.4397862430324584,0.9450330056470991,1.0,70.48750213161117,26.851776249951566
3.51,3.51,1.0,19.568948505904576,16.67258010488632,-18.92411594740891,9.07397037169674,-8.187339037984351,9.073667843600946,31.922419040097388,15.221724835422911,1.0,0.0,386.1222397805464,-8.324141207989749,24.30306246993429,124.83229434611306,-8.232808836374497,-11.974430293250812,1.0,21.784328767388054,0.0,1.0,123.89539024988458,9476.921794773758,1.0,1.0,55.76211118784251,-5.851396452954103,-47.52310553406195,3.8418115158475103,1.0,22.001133060870128,1.0,3.4055077395485784,2.4397862430324584,0.9450330056470991,1.0,70.48750213161117,26.851776249951566
3.54,3.54,1.0,19.263847688615428,15.585536981195725,-18.70929178837433,9.075423333089248,-7.615307204136827,9.075373271815119,31.049032029757782,14.923759999106634,1.0,0.0,386.1222397805464,-8.324141207989749,24.30306246993429,124.83229434611306,-8.232808836374497,-11.974430293250812,1.0,21.813837901057216,0.0,1.0,123.7424032507759,9348.568761023169,1.0,1.0,13.685769071110334,-19.140894341593423,-30.020132180926563,32.30111789363665,1.0,21.433342879619527,1.0,2.7317472028221483,2.8408126592238174,0.9471795404716382,0.0,70.48750213161117,26.851776249951566
3.57,3.57,1.0,18.889916438435485,13.757776040057811,-19.005091330519246,9.075484861326476,-7.0408449952908585,9.075480339830314,30.12140171208574,14.63906647004941,1.0,0.0,409.5953480691179,-6.4739926138274075,20.402145233500825,122.38905029123163,-4.713137057874168,-13.393792997793561,1.0,21.813837901057216,0.0,1.0,123.44448899923495,9179.026089972884,1.0,1.0,13.685769071110334,-19.140894341593423,-30.020132180926563,32.30111789363665,1.0,21.433342879619527,1.0,2.7317472028221483,2.8408126592238174,0.9471795404716382,0.0,70.48750213161117,26.851776249951566
3.5999999999999996,3.5999999999999996,1.0,18.476002208645657,12.233955768909523,-19.20461828422018,9.077277900261251,-6.462856369262682,9.076724777317319,29.32319380306514,14.37193164510104,1.0,0.0,409.5953480691179,-6.4739926138274075,20.402145233500825,122.38905029123163,-4.713137057874168,-13.393792997793561,1.0,20.504020032476078,0.0,1.0,122.90376689485736,9218.882019352368,1.0,1.0,-36.75660752513105,-10.60094536162572,0.9552497091196771,46.74167396600613,1.0,20.196941038865862,1.0,2.1005681077347345,3.481717706214423,0.9491573555689266,0.0,70.48750213161117,26.851776249951566
3.63,3.63,1.0,18.115987176869936,11.449751791234045,-19.39571429740591,9.0777116250278,-6.05110898530491,9.079035751974065,28.904662955654388,14.193296251569821,1.0,0.0,409.5953480691179,-6.4739926138274075,20.402145233500825,122.38905029123163,-4.713137057874168,-13.393792997793561,1.0,20.504020032476078,0.0,1.0,122.8620472625498,9185.4001422349,1.0,1.0,-36.75660752513105,-10.60094536162572,0.9552497091196771,46.74167396600613,1.0,20.196941038865862,1.0,2.1005681077347345,3.481717706214423,0.9491573555689266,0.0,70.48750213161117,26.851776249951566
3.6599999999999997,3.6599999999999997,1.0,17.68154603249639,11.319036436453715,-19.306669860012793,9.074865054930498,-6.0964946074236135,9.073435927602684,28.522011798479117,14.207310153433516,1.0,0.0,409.5953480691179,-6.4739926138274075,20.402145233500825,122.38905029123163,-4.713137057874168,-13.393792997793561,1.0,19.654340362813322,0.0,1.0,122.57653173248292,9115.729742252593,1.0,1.0,-49.32449549498761,13.063640176573765,24.75394472405051,39.01226070299849,1.0,19.396123166629526,1.0,1.8232068727425532,4.192331513337765,0.951027872309745,0.0,70.48750213161117,26.851776249951566
3.69,3.69,1.0,17.29084953935775,11.857748050782538,-19.206771460831796,9.01970491037142,-6.532802971348741,9.077267975322611,28.433778091860532,14.367650650974873,1.0,0.0,409.5953480691179,-6.4739926138274075,20.402145233500825,122.38905029123163,-4.713137057874168,-13.393792997793561,1.0,19.654340362813322,0.0,1.0,122.47016554537014,9163.337843186902,1.0,1.0,-49.32449549498761,13.063640176573765,24.75394472405051,39.01226070299849,1.0,19.396123166629526,1.0,1.8232068727425532,4.192331513337765,0.951027872309745,0.0,70.48750213161117,26.851776249951566
3.7199999999999998,3.7199999999999998,1.0,16.945959378138415,12.8364977976925,-18.811225172890662,8.891179050373701,-7.104949843319055,9.076065222872193,28.3866765835819,14.557071721734207,1.0,0.0,409.5953480691179,-6.4739926138274075,20.402145233500825,122.38905029123163,-4.713137057874168,-13.393792997793561,1.0,18.76637723184863,0.0,1.0,122.60287116319869,9100.03070481974,1.0,1.0,-33.88515257985267,38.56428349070381,25.074517501825902,13.733882411702801,1.0,18.490284166977315,1.0,2.2548598685451995,4.976054583036881,0.9529653612539727,0.0,70.48750213161117,26.851776249951566
3.75,3.75,1.0,17.464350723902403,14.514668039897868,-20.731603972189582,8.735721043290093,-7.684638483752581,9.07255197227291,30.748634730270705,14.753904231143212,1.0,0.0,409.5953480691179,-6.4739926138274075,20.402145233500825,122.38905029123163,-4.713137057874168,-13.393792997793561,1.0,18.76637723184863,0.0,1.0,121.601847312244,9205.035089924253,1.0,1.0,-33.88515257985267,38.56428349070381,25.074517501825902,13.733882411702801,1.0,18.490284166977315,1.0,2.2548598685451995,4.976054583036881,0.9529653612539727,0.0,70.48750213161117,26.851776249951566
3.78,3.78,1.0,18.048944197911506,16.584337334293572,-22.592248540451415,8.654893127136143,-8.256385372291982,9.07249103799655,33.33488151457113,15.012833446504132,1.0,0.0,437.1395145400177,-8.876387300290022,16.087143015757945,121.13860792099383,-8.448662910110379,-15.315374106153136,1.0,18.489952211929825,0.0,1.0,122.57360642024855,9078.158792001237,1.0,1.0,14.175175657643967,45.724472614672464,0.7440191614495141,-14.557351577286072,1.0,17.669341766599867,1.0,3.554141269330162,5.198748012286259,0.955166836535844,1.0,-25.501758272532612,-43.96342173453847
3.81,3.81,1.0,18.57202221643246,16.720849828089012,-22.638499288151557,8.655407205065098,-8.831714453651992,9.076404849399236,33.719556316784534,15.339373490026778,1.0,0.0,437.1395145400177,-8.876387300290022,16.087143015757945,121.13860792099383,-8.448662910110379,-15.315374106153136,1.0,18.489952211929825,0.0,1.0,123.22175942473062,9044.605966888399,1.0,1.0,14.175175657643967,45.724472614672464,0.7440191614495141,-14.557351577286072,1.0,17.669341766599867,1.0,3.554141269330162,5.198748012286259,0.955166836535844,1.0,-25.501758272532612,-43.96342173453847
3.84,3.84,1.0,19.142142893073817,17.172491113430087,-20.871584899583194,8.691774327310348,-9.075469635331212,9.073320610800344,33.1200715850706,15.49955602477324,1.0,0.0,437.1395145400177,-8.876387300290022,16.087143015757945,121.13860792099383,-8.448662910110379,-15.315374106153136,1.0,16.207186263254393,0.0,1.0,122.12408938881941,9134.446308551502,1.0,1.0,49.19410249090028,25.406244827203793,-30.9991968512938,-26.462871690846313,1.0,16.89223292332995,1.0,5.219854301539816,4.475430121869809,0.9577296508633066,1.0,23.05418135842096,-13.610067185423448
3.8699999999999997,3.8699999999999997,1.0,19.263128476606873,18.083745552388876,-16.879753912591756,8.763740918010804,-9.076353635277405,9.077773165734142,31.353086994097787,15.543143692289313,1.0,0.0,437.1395145400177,-8.876387300290022,16.087143015757945,121.13860792099383,-8.448662910110379,-15.315374106153136,1.0,16.207186263254393,0.0,1.0,121.52041638418416,8918.118658455158,1.0,1.0,49.19410249090028,25.406244827203793,-30.9991968512938,-26.462871690846313,1.0,16.89223292332995,1.0,5.219854301539816,4.475430121869809,0.9577296508633066,1.0,23.05418135842096,-13.610067185423448
3.9,3.9,1.0,20.177365327478967,17.9042751217173,-16.989329819170464,8.85904757727209,-9.075801047726193,9.07690639810316,31.87987557844682,15.59625334476856,1.0,0.0,437.1395145400177,-8.876387300290022,16.087143015757945,121.13860792099383,-8.448662910110379,-15.315374106153136,1.0,15.874059275919555,0.0,1.0,121.4265103667897,9226.673009446882,1.0,1.0,52.52776399651676,-7.38343393727556,-46.341001245795994,-9.915546825427196,1.0,14.869705765469565,1.0,6.0,3.128036538198453,0.9605187949614232,1.0,53.97573660499864,28.712497966868103
3.9299999999999997,3.9299999999999997,1.0,20.867013208900648,17.994215372957854,-17.496147226517813,8.963248741645625,-9.07813250623061,9.073873661611055,32.63953423259612,15.655270710919423,1.0,0.0,437.1395145400177,-8.876387300290022,16.087143015757945,121.13860792099383,-8.448662910110379,-15.315374106153136,1.0,15.874059275919555,0.0,1.0,121.43851732073895,8968.931662002818,1.0,1.0,52.52776399651676,-7.38343393727556,-46.341001245795994,-9.915546825427196,1.0,14.869705765469565,1.0,6.0,3.128036538198453,0.9605187949614232,1.0,53.97573660499864,28.712497966868103
3.96,3.96,1.0,21.32970505407281,17.626888331558604,-18.059552743172578,9.064180213665592,-8.677678878337938,9.07733148982593,33.042562782423644,15.487395540811393,1.0,0.0,437.1395145400177,-8.876387300290022,16.087143015757945,121.13860792099383,-8.448662910110379,-15.315374106153136,1.0,14.663248745311858,0.0,1.0,120.72431580951239,9021.374792963472,1.0,1.0,15.242302195199558,-26.82174251450785,-32.9188690076604,22.320938077094404,1.0,14.563317756576476,1.0,5.722824671456609,2.366590210310402,0.9632802529757315,0.0,53.97573660499864,28.712497966868103
3.9899999999999998,3.9899999999999998,1.0,21.271930067020957,16.93116886224855,-18.369377180478306,9.074920015416385,-8.099683646822587,9.076840185584912,32.811484358633976,15.177222282732084,1.0,0.0,461.6004089721741,-11.506296956610308,15.58097536241265,119.14883550738055,-4.422669915105067,-17.552668808980656,1.0,14.663248745311858,0.0,1.0,120.34364203912811,8860.408836013832,1.0,1.0,15.242302195199558,-26.82174251450785,-32.9188690076604,22.320938077094404,1.0,14.563317756576476,1.0,5.722824671456609,2.366590210310402,0.9632802529757315,0.0,53.97573660499864,28.712497966868103
4.02,4.02,1.0,20.94141605131797,14.78182330255504,-19.22566725900395,9.07289166985946,-7.525049382546092,9.073085660496936,32.04171480954622,14.874966045859656,1.0,0.0,461.6004089721741,-11.506296956610308,15.58097536241265,119.14883550738055,-4.422669915105067,-17.552668808980656,1.0,13.482473100257488,0.0,1.0,120.30815978042565,8976.574198412589,1.0,1.0,-51.22173381048831,-20.316457287842226,-0.6085885858455122,43.47100673766404,1.0,13.867269817046665,1.0,3.937629946513601,2.90489783916705,0.9658780924765304,0.0,53.97573660499864,28.712497966868103
4.05,4.05,1.0,20.292636860348477,10.941637197593902,-19.63197963180875,9.077244048804307,-6.947482642710378,9.074110075255419,30.280772109929725,14.594634228036243,1.0,0.0,461.6004089721741,-11.506296956610308,15.58097536241265,119.14883550738055,-4.422669915105067,-17.552668808980656,1.0,13.482473100257488,0.0,1.0,120.05689478019673,8843.345662509935,1.0,1.0,-51.22173381048831,-20.316457287842226,-0.6085885858455122,43.47100673766404,1.0,13.867269817046665,1.0,3.937629946513601,2.90489783916705,0.9658780924765304,0.0,53.97573660499864,28.712497966868103
4.08,4.08,1.0,19.42491214543901,7.956946255766116,-19.83676482939331,9.040262814505157,-6.778354839757746,9.077026661745784,28.881437714764644,14.493614425223122,1.0,0.0,461.6004089721741,-11.506296956610308,15.58097536241265,119.14883550738055,-4.422669915105067,-17.552668808980656,1.0,13.134813651107248,0.0,1.0,119.06890481649002,8714.81085723433,1.0,1.0,-61.8829574243477,5.164470826446272,27.208541202921538,39.16416276621508,1.0,12.603014750939419,1.0,1.9699357871515704,4.831661532859172,0.968362564425777,0.0,53.97573660499864,28.712497966868103
4.109999999999999,4.109999999999999,1.0,18.4649328449715,6.118479517453324,-19.336278896751143,8.899269536622583,-7.008387952813034,9.074991158803979,27.427745407666063,14.514474310665335,1.0,0.0,461.6004089721741,-11.506296956610308,15.58097536241265,119.14883550738055,-4.422669915105067,-17.552668808980656,1.0,13.134813651107248,0.0,1.0,118.95846083996108,8540.629651747786,1.0,1.0,-61.8829574243477,5.164470826446272,27.208541202921538,39.16416276621508,1.0,12.603014750939419,1.0,1.9699357871515704,4.831661532859172,0.968362564425777,0.0,53.97573660499864,28.712497966868103
4.14,4.14,1.0,17.41448035248713,5.946896921481171,-18.68812185698507,8.656843932250496,-7.583833654498735,9.07290276335694,26.2273827799002,14.655137130705391,1.0,0.0,461.6004089721741,-11.506296956610308,15.58097536241265,119.14883550738055,-4.422669915105067,-17.552668808980656,1.0,10.084924907059102,0.0,1.0,118.61098866227722,8670.303002841196,1.0,1.0,-42.045288928175445,33.96610720852358,30.88957068616813,13.987242356997717,1.0,11.615199554390085,1.0,1.6444343032054798,6.0,0.970884018008662,0.0,53.97573660499864,28.712497966868103
4.17,4.17,1.0,17.474987280469737,7.557216827490774,-20.18619223339776,8.35677602124162,-8.163792732361626,9.076182524259552,27.748316408639585,14.793928026722108,1.0,0.0,461.6004089721741,-11.506296956610308,15.58097536241265,119.14883550738055,-4.422669915105067,-17.552668808980656,1.0,10.084924907059102,0.0,1.0,119.19717755325608,8673.02138906285,1.0,1.0,-42.045288928175445,33.96610720852358,30.88957068616813,13.987242356997717,1.0,11.615199554390085,1.0,1.6444343032054798,6.0,0.970884018008662,0.0,53.97573660499864,28.712497966868103
4.2,4.2,1.0,18.072112603347495,10.871198285493907,-24.606773304365138,8.135709539401196,-8.738405614882497,9.075429374800322,32.40798510495544,14.997097076991338,1.0,0.0,484.1010836870484,-10.716215087471312,10.785549197350917,117.28808369861838,-8.657061282824511,-18.783933277561815,1.0,10.949270135063564,0.0,1.0,119.51936699691306,8794.250316494094,1.0,1.0,4.204278567971077,44.276721840818176,7.867046263952347,-17.038324022988675,1.0,10.745684993193699,1.0,4.179882071678327,6.0,0.9736197027125789,1.0,-30.856151016476883,-37.47631977933126
4.2299999999999995,4.2299999999999995,1.0,19.050019205957003,14.4147905982706,-22.032691619255917,8.013756347156342,-9.074026786206456,9.07727830467604,32.49813717320657,15.131266778724218,1.0,0.0,484.1010836870484,-10.716215087471312,10.785549197350917,117.28808369861838,-8.657061282824511,-18.783933277561815,1.0,10.949270135063564,0.0,1.0,119.40205077676804,8711.216699142535,1.0,1.0,4.204278567971077,44.276721840818176,7.867046263952347,-17.038324022988675,1.0,10.745684993193699,1.0,4.179882071678327,6.0,0.9736197027125789,1.0,-30.856151016476883,-37.47631977933126
4.26,4.26,1.0,20.480464411534115,14.282067747323293,-17.02360133366727,8.0199018794831,-9.075947865055369,9.078325976562619,30.2196936453513,15.136302664206715,1.0,0.0,484.1010836870484,-10.716215087471312,10.785549197350917,117.28808369861838,-8.657061282824511,-18.783933277561815,1.0,9.649385283477603,0.0,1.0,119.06550001374214,8759.538768604927,1.0,1.0,43.86661049421423,25.101062282551744,-24.685511659424108,-32.67417446185593,1.0,9.250909748782137,1.0,6.0,6.0,0.9767076215064417,1.0,13.721782082607183,-9.939205013305317
4.29,4.29,1.0,20.55682751645843,15.739644604106099,-21.908227091536745,8.076027060855651,-9.075183781631523,9.07447368737464,33.91592522841347,15.163352085238781,1.0,0.0,484.1010836870484,-10.716215087471312,10.785549197350917,117.28808369861838,-8.657061282824511,-18.783933277561815,1.0,9.649385283477603,0.0,1.0,119.16627085675489,8691.591335862347,1.0,1.0,43.86661049421423,25.101062282551744,-24.685511659424108,-32.67417446185593,1.0,9.250909748782137,1.0,6.0,6.0,0.9767076215064417,1.0,13.721782082607183,-9.939205013305317
4.32,4.32,1.0,21.12287807918056,17.45456188797356,-15.72562342771278,8.159670058747729,-9.076577004692501,9.073591879318435,31.5932420184959,15.208370563021218,1.0,0.0,484.1010836870484,-10.716215087471312,10.785549197350917,117.28808369861838,-8.657061282824511,-18.783933277561815,1.0,6.645092918612013,0.0,1.0,119.54621617823695,8800.084519386959,1.0,1.0,54.86618856850872,-9.320299489957238,-42.68918071858307,-19.814993338534112,1.0,7.729814523167696,1.0,6.0,5.175792769537731,0.9800436229106778,1.0,39.86420173893523,29.95967049593568
4.35,4.35,1.0,22.307067410399785,17.36001369011123,-15.513770595219734,8.248264613655717,-9.078836981412357,9.079600315541484,32.24364138638926,15.261005601267787,1.0,0.0,484.1010836870484,-10.716215087471312,10.785549197350917,117.28808369861838,-8.657061282824511,-18.783933277561815,1.0,6.645092918612013,0.0,1.0,118.2685839140482,8624.797562654305,1.0,1.0,54.86618856850872,-9.320299489957238,-42.68918071858307,-19.814993338534112,1.0,7.729814523167696,1.0,6.0,5.175792769537731,0.9800436229106778,1.0,39.86420173893523,29.95967049593568
4.38,4.38,1.0,23.331134698014417,17.016297831098235,-16.542319471792652,8.339630502571769,-8.732684072532411,9.074848492770931,33.279792242145696,15.10503502799095,1.0,0.0,484.1010836870484,-10.716215087471312,10.785549197350917,117.28808369861838,-8.657061282824511,-18.783933277561815,1.0,5.024473856694021,0.0,1.0,118.79978586763063,8633.779259548535,1.0,1.0,32.22470569347286,-33.26661244700823,-32.49143215393722,11.82369307272608,1.0,5.956957369275071,1.0,6.0,1.2142219176765892,0.983395085292012,0.0,39.86420173893523,29.95967049593568
4.41,4.41,1.0,23.711093347880194,16.0526867965832,-17.605353818143804,8.444256671533331,-8.154648822989685,9.078557154081777,33.61328880373231,14.839945018798137,1.0,0.0,513.2297301203489,-13.385075001238521,7.688640902007477,115.90429221180881,-4.920557902135525,-21.68329380396138,1.0,5.024473856694021,0.0,1.0,118.4168126972266,8607.847492873085,1.0,1.0,32.22470569347286,-33.26661244700823,-32.49143215393722,11.82369307272608,1.0,5.956957369275071,1.0,6.0,1.2142219176765892,0.983395085292012,0.0,39.86420173893523,29.95967049593568
4.4399999999999995,4.4399999999999995,1.0,23.49281186157263,14.46903828471863,-18.88104386008339,8.56769313322429,-7.578640762012892,9.076926440389,33.43290438018052,14.602457157238124,1.0,0.0,513.2297301203489,-13.385075001238521,7.688640902007477,115.90429221180881,-4.920557902135525,-21.68329380396138,1.0,5.679457006467183,0.0,1.0,118.16781458599218,8353.512888709407,1.0,1.0,-69.18592075854359,-30.86834628487508,-1.1104035283247977,36.697162508676016,1.0,5.359452581315218,1.0,6.0,1.0528692891568128,0.9866025078442904,0.0,39.86420173893523,29.95967049593568
4.47,4.47,1.0,22.78846626660024,8.07259274582114,-19.67646742505527,8.648085759619725,-7.001188609676913,9.075934919459728,31.171209773653672,14.358921405045564,1.0,0.0,513.2297301203489,-13.385075001238521,7.688640902007477,115.90429221180881,-4.920557902135525,-21.68329380396138,1.0,5.679457006467183,0.0,1.0,116.94454278572357,8308.577704024825,1.0,1.0,-69.18592075854359,-30.86834628487508,-1.1104035283247977,36.697162508676016,1.0,5.359452581315218,1.0,6.0,1.0528692891568128,0.9866025078442904,0.0,39.86420173893523,29.95967049593568
4.5,4.5,1.0,21.531737100762438,2.813296266584131,-19.96180618016262,8.579441366163262,-6.8211133354460385,9.07514853299674,29.495830967007937,14.22999375215555,1.0,0.0,513.2297301203489,-13.385075001238521,7.688640902007477,115.90429221180881,-4.920557902135525,-21.68329380396138,1.0,4.561768912398082,0.0,1.0,116.46036136679471,8190.900838631155,1.0,1.0,-70.15926445588961,-6.73786610640536,29.588795776713297,37.14850842295077,1.0,4.433004200605038,1.0,2.4624120710632194,6.0,0.989688221043996,0.0,39.86420173893523,29.95967049593568
4.53,4.53,1.0,20.101941253792983,-0.5464481716346118,-19.464988199603408,8.367029091840166,-7.022048069063329,9.074666517170181,27.987004366061168,14.200912199777354,1.0,0.0,513.2297301203489,-13.385075001238521,7.688640902007477,115.90429221180881,-4.920557902135525,-21.68329380396138,1.0,4.561768912398082,0.0,1.0,115.94624021731914,8184.441269397959,1.0,1.0,-70.15926445588961,-6.73786610640536,29.588795776713297,37.14850842295077,1.0,4.433004200605038,1.0,2.4624120710632194,6.0,0.989688221043996,0.0,39.86420173893523,29.95967049593568
4.56,4.56,1.0,18.29289224909682,-2.002192399702972,-18.584940852631703,8.030195513593588,-7.580287267850724,9.070685115288459,26.15413366445759,14.290630619759018,1.0,0.0,513.2297301203489,-13.385075001238521,7.688640902007477,115.90429221180881,-4.920557902135525,-21.68329380396138,1.0,1.9710870556170539,0.0,1.0,115.68707104349265,8103.834961167509,1.0,1.0,-51.55372800047264,24.643265929497755,38.12430464529008,15.560742156241426,1.0,2.5399282241953807,1.0,-2.9618691029040596,6.0,0.9927554102706483,0.0,39.86420173893523,29.95967049593568
4.59,4.59,1.0,17.571757734001455,-0.4979639957208071,-18.7763885983194,7.594598656675149,-8.155848244557072,9.074496116901685,25.72095268061766,14.371578518725089,1.0,0.0,513.2297301203489,-13.385075001238521,7.688640902007477,115.90429221180881,-4.920557902135525,-21.68329380396138,1.0,1.9710870556170539,0.0,1.0,116.47566805448234,8210.2243966303,1.0,1.0,-51.55372800047264,24.643265929497755,38.12430464529008,15.560742156241426,1.0,2.5399282241953807,1.0,-2.9618691029040596,6.0,0.9927554102706483,0.0,39.86420173893523,29.95967049593568
4.62,4.62,1.0,18.043090109062778,3.3709060373974413,-24.535329186960457,7.22720180631127,-8.733737090606093,9.072063086420801,30.641450463534444,14.519398684552208,1.0,0.0,533.2139506048768,-12.92626076210787,2.0133038514604733,113.71317476813171,-8.777026531361424,-21.61007884721182,1.0,0.6571730893830314,0.0,1.0,117.07334592765929,8336.499448259032,1.0,1.0,-9.701338081720465,41.02965411866631,19.47029938212799,-15.505522844105549,1.0,1.5643458941929191,1.0,6.0,6.0,0.9959509989254867,1.0,-42.23258470092397,-29.56060760238804
4.6499999999999995,4.6499999999999995,1.0,21.34138429982384,7.761855993446275,-10.609072090133793,6.967865463897107,-9.075813058932038,9.077140721986742,25.064985595635623,14.605342018946402,1.0,0.0,533.2139506048768,-12.92626076210787,2.0133038514604733,113.71317476813171,-8.777026531361424,-21.61007884721182,1.0,0.6571730893830314,0.0,1.0,116.52287437920103,8333.635748469764,1.0,1.0,-9.701338081720465,41.02965411866631,19.47029938212799,-15.505522844105549,1.0,1.5643458941929191,1.0,6.0,6.0,0.9959509989254867,1.0,-42.23258470092397,-29.56060760238804
4.68,4.68,1.0,21.57734626486235,11.468980366500473,4.165116467827876,6.857691253809391,-9.075287714990283,9.075311357466095,24.788456540727047,14.551634020871349,1.0,0.0,533.2139506048768,-12.92626076210787,2.0133038514604733,113.71317476813171,-8.777026531361424,-21.61007884721182,1.0,0.28144773799326234,0.0,1.0,116.91453105461117,8443.353062053702,1.0,1.0,33.18153586006983,28.16504939900538,-11.684738072317678,-37.01075259926774,1.0,0.15550644701883892,0.0,6.0,6.0,0.9959509989254867,1.0,-2.222683938661695,-11.274122458334384
4.71,4.71,1.0,21.536602926987857,12.613621586305115,12.922386725811236,6.893561700991895,-8.499485273995663,9.07673002753017,28.10545843512727,14.217927797007526,1.0,0.0,533.2139506048768,-12.92626076210787,2.0133038514604733,113.71317476813171,-8.777026531361424,-21.61007884721182,1.0,0.28144773799326234,0.0,1.0,117.30760223113452,8483.35203825498,1.0,1.0,33.18153586006983,28.16504939900538,-11.684738072317678,-37.01075259926774,1.0,0.15550644701883892,0.0,6.0,6.0,0.9959509989254867,1.0,-2.222683938661695,-11.274122458334384
