time_s,x_m,y_m,altitude_m,vx_mps,vy_mps,vz_mps,speed_mps,mass_kg,roll_deg,pitch_deg,yaw_deg,p_dps,q_dps,r_dps,alpha_deg,beta_deg,qbar_pa,mach,airspeed_mps,load_factor_g,density_kgpm3,pressure_pa,temperature_k,wind_x_mps,wind_y_mps,wind_z_mps,thrust_n,mass_flow_kgps,propulsion_throttle_actual,propulsion_health,energy_j_per_kg,target_distance_m,guidance_mode,pitch_command_deg,heading_command_deg,roll_command_deg
0.0,0.0,0.0,20.0,85.0,0.0,8.0,85.37564055396598,17.633519126604632,0.0,6.000000000000002,0.0,0.0,0.0,0.0,0.5396440755261187,0.09042345829106828,4467.806158736801,0.25127822353723156,85.48917787541667,1.7829025638628841,1.2226496753673843,101084.96761777384,288.02,-0.10114574227902196,-0.1349178589895554,-0.13488317908401584,326.8,0.17539118863220368,0.86,nominal,3840.633,nan,pitch_program,13.0,0.0,0.0
0.03,2.565637560838371,-1.6835320455865454e-05,20.232930217655287,85.5212520279457,-0.0005611773485288485,7.764340588509544,85.87298488766245,17.628257390945667,-0.0009103573159776845,6.273938742150698,0.0018573950991968037,-0.023726358322743626,-9.131309288507111,0.061485989661748744,1.0029493095927384,0.08769334326421013,4519.796796186537,0.25273951418730967,85.9861081092231,1.8112973643409827,1.2226223224144446,101082.1747930085,288.01848595358524,-0.10114574227902196,-0.1349178589895554,-0.13488317908401584,332.605,0.1785066900092231,0.86,nominal,3885.5020318773213,nan,pitch_program,12.985,0.0,0.0
0.06,5.147099798838216,-4.97444298893726e-05,20.459303203224234,86.04874126666151,-0.001096970314450238,7.545766185631571,86.37895844537847,17.62290219024539,-0.002733234271256655,6.6590337337576555,0.0055422016251810875,-0.046929474155822465,-12.836551918683503,0.12163798139538291,1.5643243915590148,0.08320299619901779,4573.00524464619,0.2542262385200859,86.49169505997193,1.8403028586784607,1.2225957399246399,101079.46064908245,288.017014529179,-0.10114574227902196,-0.1349178589895554,-0.13488317908401584,338.40999999999997,0.18162219138624247,0.86,nominal,3931.2994568121094,nan,pitch_program,12.97,0.0,0.0
0.09,7.744540758419369,-9.70788645696196e-05,20.67976549324772,86.58136531937176,-0.0015778144893415667,7.348743000782938,86.8926742985136,17.617453524503805,-0.0054531336163883325,6.969747391344134,0.010977132879325276,-0.0691674705689015,-10.357160128080997,0.1791453337211531,2.0354170457041034,0.07706620228604857,4627.3536358486,0.25573581031409315,87.00505826858958,1.8705137011872017,1.222569851940018,101076.81742933669,288.01558152429385,-0.10114574227902196,-0.1349178589895554,-0.13488317908401584,344.215,0.18473769276326188,0.86,nominal,3977.9676456481407,nan,pitch_program,12.955,0.0,0.0
0.12,10.35813634165022,-0.00015627058565021904,20.894804682623707,87.11985277436165,-0.0019730573693533147,7.16797297919949,87.41423561382858,17.611911393720906,-0.0090184594647579,7.15017655426185,0.01804000823833114,-0.08990802730376594,-6.014339860914368,0.23288492058373236,2.3640592805887923,0.06942222059885081,4682.8666048671075,0.2572685108396691,87.5262929903277,1.9012135232017224,1.222544601171935,101074.23928346032,288.0141837695629,-0.10114574227902196,-0.1349178589895554,-0.13488317908401584,350.02,0.1878531941402813,0.86,nominal,4025.5323303158207,nan,pitch_program,12.94,0.0,0.0
0.15,12.988100810953801,-0.0002238536682482241,21.104709916244648,87.6654823101194,-0.0022527694199335024,6.996841120698048,87.94425836522313,17.606275797896696,-0.013347710506160787,7.246287920298719,0.026579966180494047,-0.10863905097040785,-3.203768016149859,0.28179648334515606,2.600753497849194,0.06043481881424037,4739.624339607667,0.2588261226492632,88.05600542383318,1.932289572627581,1.2225199536384328,101071.72274091616,288.0128193855444,-0.10114574227902196,-0.1349178589895554,-0.13488317908401584,355.825,0.1909686955173007,0.86,nominal,4074.0627932047,nan,pitch_program,12.925,0.0,0.0
0.18,15.634670374422894,-0.00029551426490488425,21.3096779230797,88.21898544896979,-0.002388686555222004,6.832266894501771,88.48315811649735,17.600546737031177,-0.018343801439235505,7.3181335545549375,0.036423341648060895,-0.1249459168761842,-2.394944709629341,0.32480363946481366,2.807673210418681,0.050297119895963645,4797.687744665485,0.2604098543736588,88.59460659525956,1.9638410446288328,1.222495886211793,101069.26543947788,288.01148709349997,-0.10114574227902196,-0.1349178589895554,-0.13488317908401584,361.63,0.19408419689432013,0.86,nominal,4123.611188138905,nan,pitch_program,12.91,0.0,0.0
0.21,18.298083643872,-0.0003661502364521903,21.509908600322518,88.78044231497023,-0.002354532384910201,6.674355908093952,89.03097197028397,17.594724211124348,-0.02389932958441428,7.390166660442133,0.04736623687634111,-0.13849385044045814,-2.401237044585227,0.3608775032318836,3.0092687908952556,0.03923143527708458,4857.078346420488,0.2620198159325561,89.14213372788686,1.9957995973454417,1.2224723753943287,101066.86497920954,288.0101855940979,-0.10114574227902196,-0.1349178589895554,-0.13488317908401584,367.435,0.19719969827133954,0.86,nominal,4174.197130162097,nan,pitch_program,12.895,0.0,0.0
0.24,20.97857549769812,-0.0004299468352251221,21.705626879403635,89.34972846087067,-0.0021265532924310613,6.523942636037231,89.58758735490008,17.588808220176208,-0.029893855573557008,7.455779411196362,0.05917015765492693,-0.14898464721648738,-2.187274848824802,0.3891399047521734,3.198458489893911,0.027482807624332386,4917.801749528851,0.2636556804294834,89.69847540774984,2.027975607611791,1.2224493947509114,101064.51866032573,288.0089134252839,-0.10114574227902196,-0.1349178589895554,-0.13488317908401584,373.24,0.20031519964835895,0.86,nominal,4225.82738987283,nan,pitch_program,12.88,0.0,0.0
0.27,23.676381350488008,-0.0004804788055327602,21.89705743288092,89.92686175966297,-0.001684399010254604,6.381018449242912,90.15296925353215,17.58279876418676,-0.03619242066582198,7.502639776524114,0.07156991177429584,-0.15615110884348923,-1.562248347434258,0.4089077702940503,3.3629920850754575,0.01531130511409061,4979.871961740234,0.26531734529611056,90.26359653788792,2.060204343168572,1.2224269178788727,101062.22378641993,288.00766912668627,-0.10114574227902196,-0.1349178589895554,-0.13488317908401584,379.045,0.20343070102537836,0.86,nominal,4278.515710888318,nan,pitch_program,12.865,0.0,0.0
0.3,26.39174240208675,-0.0005139030113918421,22.084400024555578,90.51203505329131,-0.0011141401953027328,6.244753055821851,90.72720337064148,17.576695843155996,-0.04273122749466548,7.527883363417921,0.08491378498838661,-0.15978526516839073,-0.8417564276961748,0.4403953714382216,3.500613478124084,0.002301715067014995,5043.3164428615755,0.267005058814822,90.83758140668213,2.0924424064852807,1.222404921302129,101059.97795994824,288.0064513998404,-0.10114574227902196,-0.1349178589895554,-0.13488317908401584,384.84999999999997,0.20654620240239774,0.86,nominal,4332.286697229678,nan,pitch_program,12.850000000000001,0.0,0.0
0.32999999999999996,29.124906731026908,-0.0005243003267479095,22.267826359972798,91.10547763133864,-0.0003465771785355824,6.114211180574049,91.31041360608941,17.570499457083923,-0.04939682720236112,7.536998663846736,0.09924556388115457,-0.1595627400608008,-0.30422401281928024,0.4733591400186615,3.617473814221953,-0.011557187549179001,5108.167465068281,0.2687191817518883,91.4205525960259,2.124729883125757,1.2223833848406893,101057.77911994663,288.00525912866016,-0.10114574227902196,-0.1349178589895554,-0.13488317908401584,390.655,0.20966170377941715,0.86,nominal,4387.168595830586,nan,pitch_program,12.835,0.0,0.0
0.36,31.876127206614722,-0.0005045019265407971,22.44749070768999,91.70734918626053,0.0006599466735704152,5.98881159057304,91.90268635613234,17.56420960597054,-0.056049172028893895,7.536378009052955,0.11447661130231127,-0.15515417029559933,0.020225338506972848,0.5033344139035985,3.7203903688352837,-0.02616228463094667,5174.453784039072,0.27045996598958527,92.0125956595997,2.157097606870606,1.2223622903633353,101055.6254146732,288.0040913104,-0.10114574227902196,-0.1349178589895554,-0.13488317908401584,396.46,0.21277720515643656,0.86,nominal,4443.186564485384,nan,pitch_program,12.82,0.0,0.0
0.39,34.64565928481289,-0.00044645212995303896,22.623539569613584,92.31773593993904,0.0019349932195919374,5.868295397453084,92.50406079568766,17.557826289815846,-0.0625309127193239,7.529065193244394,0.13045115047270406,-0.1462533413319755,0.24321413366439812,0.5281413468448686,3.8126208952549434,-0.04135445952056654,5242.1994087064995,0.2722275258978537,92.6137493740361,2.1895311356775626,1.2223416206520454,101053.51508566308,288.0029469927975,-0.10114574227902196,-0.1349178589895554,-0.13488317908401584,402.265,0.21589270653345596,0.86,nominal,4500.361766166491,nan,pitch_program,12.805,0.0,0.0
0.42,37.433760226238036,-0.0003414031360181425,22.796114313252854,92.93669804750478,0.0035016331311632162,5.7524914546423,93.11455855112156,17.551349508619843,-0.06867156330514046,7.515423329441542,0.1469735928753273,-0.13258931681694647,0.454103341369158,0.5465286987229432,3.8946839682528807,-0.056942816856587086,5311.4267792023875,0.2740219245932981,93.22403508262154,2.199644309530269,1.222321359092851,101051.44643616222,288.00182525696385,-0.10114574227902196,-0.1349178589895554,-0.13488317908401584,404.1773684210526,0.21691906078826353,0.86,nominal,4558.714021515184,nan,pitch_program,12.79,0.0,0.0
0.44999999999999996,40.2404914003434,-0.00018056339022154639,22.965323518740906,93.55770580351215,0.005361324859886537,5.640306849601769,93.72757014517127,17.544841936796196,-0.07429052263628122,7.495473120999117,0.16382247721126297,-0.11393833776009465,0.6643117632506287,0.557646914679531,3.9670676067368724,-0.0727193229345409,5381.398041076766,0.2758237314900403,93.83684229018687,2.1986145701974897,1.2223014929223552,101049.41816258356,288.0007253971282,-0.10114574227902196,-0.1349178589895554,-0.13488317908401584,404.14342105263154,0.21690084148196515,0.86,nominal,4617.6415925440615,nan,pitch_program,12.775,0.0,0.0
0.48,43.06581736578048,4.488124743382119e-05,23.131254886234114,94.17753218123605,0.007514821255178919,5.5310455831069305,94.33981179471738,17.538334911551736,-0.07920014693415704,7.470015863793497,0.18075795259557265,-0.0901385986041048,0.8478247867272496,0.5608446476165486,4.030934690556406,-0.08846076802334046,5451.739657958148,0.277623292019907,94.44888642441745,2.1976192425639898,1.222282011829485,101047.42921174255,287.9996468432395,-0.10114574227902196,-0.1349178589895554,-0.13488317908401584,404.1094736842105,0.2168826221756668,0.86,nominal,4676.840165461435,nan,pitch_program,12.76,0.0,0.0
0.51,45.90970462421607,0.0003438571193157066,23.293989169751384,94.79624194785295,0.009965862396062848,5.424476117242397,94.95131662015447,17.531828432886467,-0.08320880277923476,7.440311130540797,0.1975257603428006,-0.061100920973653425,0.9893713403408534,0.5556049498427116,4.087745678390312,-0.10393030668035756,5522.453721534656,0.27942070231626237,95.06020017593896,2.19666037027384,1.2222629063194437,101045.47861381767,287.9985890703966,-0.10114574227902196,-0.1349178589895554,-0.13488317908401584,404.0755263157895,0.21686440286936848,0.86,nominal,4736.312262841953,nan,pitch_program,12.745,0.0,0.0
0.54,48.77212118814786,0.0007252618499078247,23.453601971940472,95.41388546439288,0.01271349101973727,5.3204267396362015,95.56210881796703,17.525322500800385,-0.08612378664682459,7.407419961530419,0.21386006501791038,-0.02681501116831005,1.0955733014862585,0.5415322580757975,4.138720518063982,-0.11888236788155519,5593.541390689295,0.28121603252025984,95.67080739565387,2.1957370939253145,1.2222441675029398,101043.56546082949,287.9975515871824,-0.10114574227902196,-0.1349178589895554,-0.13488317908401584,404.0415789473684,0.2168461835630701,0.86,nominal,4796.0595866466165,nan,pitch_program,12.73,0.0,0.0
0.57,51.65303624098654,0.001197816284974055,23.610165035816394,96.03050176128947,0.015751814502207674,5.218768795864062,96.1722052590527,17.518817115293494,-0.08775428931195607,7.37198721722637,0.22948674679168724,0.01264534629366589,1.1803063363159512,0.5183546253307141,4.184632516976044,-0.13306618280454288,5665.003042907557,0.28300933140823914,96.28072466786756,2.1948435808903897,1.2222257869444655,101041.6888911489,287.9965339272672,-0.10114574227902196,-0.1349178589895554,-0.13488317908401584,404.0076315789474,0.21682796425677175,0.86,nominal,4856.083157143171,nan,pitch_program,12.715,0.0,0.0
0.6,54.552419965601786,0.0017699097065589032,23.76374677871952,96.64612415384164,0.019069780719494944,5.11939143010419,96.78161936148275,17.51231227636579,-0.08791458190336057,7.33442789036866,0.24412753479928148,0.057117287760556745,1.251234144258735,0.48593148799871305,4.226010841757866,-0.1462294998371328,5736.838701252377,0.28480063767096825,96.88996514714388,2.193973535366593,1.2222077565995797,101039.84808309238,287.9955356459383,-0.10114574227902196,-0.1349178589895554,-0.13488317908401584,403.9736842105263,0.21680974495047337,0.86,nominal,4916.383670462997,nan,pitch_program,12.7,0.0,0.0
0.63,57.47024344672993,0.0024494402281738555,23.914412548648265,97.26078270427158,0.02265101738716507,5.022192330958166,97.39036287603234,17.505807984017277,-0.08642742218351328,7.295137707168181,0.2575045440254219,0.10634425400722688,1.3089984284864957,0.4442634832193435,4.263357210222643,-0.15812253285931593,5809.048232634214,0.28658998512356215,97.49854033060348,2.193123627993001,1.2221900687847695,101038.04225184402,287.99455631843375,-0.10114574227902196,-0.1349178589895554,-0.13488317908401584,403.9397368421053,0.21679152564417503,0.86,nominal,4976.96166438283,nan,pitch_program,12.685,0.0,0.0
0.6599999999999999,60.40647855820835,0.003243652743922754,24.062224994768794,97.87450371594718,0.02647375052496329,4.927081537350932,97.99844545184445,17.49930423824795,-0.08312757082984056,7.254533456675806,0.26934487206959706,0.15997266052284648,1.3528943103497997,0.39350276910536974,4.297184388874281,-0.16850217180130683,5881.631289919569,0.28837740144352003,98.10645962832048,2.192292997660251,1.2221727161339158,101036.27064500951,287.99359553753396,-0.10114574227902196,-0.1349178589895554,-0.13488317908401584,403.9057894736842,0.21677330633787664,0.86,nominal,5037.817474234015,nan,pitch_program,12.67,0.0,0.0
0.69,63.36109782789664,0.004158976835900079,24.207244554739106,98.48730898960976,0.03051080306591082,4.833985332343769,98.60587394834694,17.492801039057817,-0.07786532850441301,7.212990890243062,0.279385299259559,0.21755037287465437,1.3842844506350627,0.3339622444890703,4.327952286842136,-0.17713642585154898,5954.58722146906,0.2901629061635629,98.71372968005905,2.1914811477179104,1.2221556915410503,101034.53253677122,287.99265291039416,-0.10114574227902196,-0.1349178589895554,-0.13488317908401584,403.8718421052631,0.21675508703157828,0.86,nominal,5098.951163371375,nan,pitch_program,12.655,0.0,0.0
0.72,66.33407431449388,0.00520086718888807,24.349529891973475,99.09921621990762,0.03472967843293302,4.742844574479039,99.21265260141082,17.48629838644687,-0.07051005258876002,7.170804727182564,0.2873772354909887,0.2785269990879259,1.4058621005107492,0.2661225456154891,4.3560294697017925,-0.18380902543606534,6027.915080473018,0.2919465111536412,99.32035451886826,2.190686972126285,1.2221389881089981,101032.82722264377,287.99172805570214,-0.10114574227902196,-0.1349178589895554,-0.13488317908401584,403.8378947368421,0.21673686772527995,0.86,nominal,5160.362535419237,nan,pitch_program,12.64,0.0,0.0
0.75,69.32538151463262,0.0063736493689005025,24.489138204979124,99.71024000462492,0.039092739333747746,4.6536104335215756,99.81878370371557,17.479796280415112,-0.06095361381540119,7.1282041752249405,0.29309189383123324,0.34225594963659545,1.4198006988268168,0.1906365061555457,4.381711633886763,-0.188324105830325,6101.613697507183,0.2937282226046311,99.92633624567424,2.189909198769261,1.2221225991130393,101031.1540157634,287.9908206016676,-0.10114574227902196,-0.1349178589895554,-0.13488317908401584,403.80394736842106,0.21671864841898159,0.86,nominal,5222.051197222435,nan,pitch_program,12.625,0.0,0.0
0.78,72.33499329194122,0.0076803740752424115,24.626125452760203,100.32039257695286,0.04355749021139695,4.566241592702632,100.42426811449421,17.473294720962542,-0.049113725956474966,7.085384418038559,0.29632554015565055,0.4079983968761169,1.427221918514623,0.10833103477762207,4.405255084172703,-0.19051090329822395,6175.681735455754,0.2955080425168305,100.53167553548053,2.1891470173840566,1.2221065179744184,101029.512244183,287.989930184557,-0.10114574227902196,-0.1349178589895554,-0.13488317908401584,403.77,0.21670042911268322,0.86,nominal,5284.01660633722,nan,pitch_program,12.61,0.0,0.0
0.8099999999999999,75.36288381407535,0.009122683080937728,24.760546558748594,100.92968407113766,0.04807696685651057,4.480703532946326,101.02910542138122,17.466793708089163,-0.03493706669740588,7.042519923844009,0.2969046795258388,0.4749293410422549,1.4288021143666012,0.020206120669708696,4.426890745332246,-0.19022838682811516,6250.117704066835,0.29728596917448624,101.13637179862702,2.188400117064906,1.2220907382363972,101027.90124842635,287.9890564473681,-0.10114574227902196,-0.1349178589895554,-0.13488317908401584,403.73605263157896,0.21668220980638486,0.86,nominal,5346.258085032631,nan,pitch_program,12.595,0.0,0.0
0.84,78.40902749335274,0.010700690105121043,24.89245560801324,101.53812264257961,0.0526002341394438,4.396968308821567,101.63329398810683,17.46029324179497,-0.018402110339588374,6.999761490420595,0.294691092310643,0.5421459125276356,1.425315128097994,-0.07256949540932651,4.446821569584171,-0.18736973125904852,6324.919961138785,0.2990619972871171,101.74042322869018,2.1876683606424927,1.2220752535410748,101026.3203791212,287.9881990385479,-0.10114574227902196,-0.1349178589895554,-0.13488317908401584,403.7021052631579,0.2166639905000865,0.86,nominal,5408.7748232248,nan,pitch_program,12.58,0.0,0.0
0.87,81.47339893386292,0.01241287987286468,25.021906021105597,102.14571468367306,0.05707299225812122,4.315013769745225,102.23683108057428,17.45379332207997,0.00047840328621965336,6.957233426535687,0.2895866362792651,0.6086779483036059,1.4176286116496515,-0.16866632228584053,4.465220334307338,-0.1818665276528708,6400.086723670082,0.3008361183594789,102.34382692818501,2.1869515861913222,1.2220600576089697,101024.76899491418,287.9873576108628,-0.10114574227902196,-0.1349178589895554,-0.13488317908401584,403.66815789473685,0.21664577119378817,0.86,nominal,5471.565889380814,nan,pitch_program,12.565,0.0,0.0
0.8999999999999999,84.55597288699047,0.014256028586666518,25.148950694794845,102.75246510425187,0.0614382904600613,4.234822456308232,102.83971305337488,17.447293948944157,0.021655441286304266,6.91503738007746,0.2815377019000554,0.6735008417408462,1.4064834974989104,-0.26660593776845887,4.4822341910034735,-0.17369262606317587,6475.616087161054,0.30260832123830833,102.94657909443626,2.1862496489784338,1.2220451442224844,101023.24646078232,287.98653182048383,-0.10114574227902196,-0.1349178589895554,-0.13488317908401584,403.6342105263158,0.2166275518874898,0.86,nominal,5534.630247781352,nan,pitch_program,12.55,0.0,0.0
0.9299999999999999,87.65672421378298,0.016225148917503308,25.273642116639373,103.35837755975002,0.06563734436122629,4.156380728150866,103.44193550394422,17.44079512238753,0.045042171122186794,6.873258327631881,0.27053919342917077,0.7355506409003306,1.3924230878287518,-0.36477671328501804,4.49799115779744,-0.16286750582538026,6551.506041719717,0.3043785925651871,103.54867517353479,2.185562512274466,1.222030507212438,101021.75214665751,287.98572132624184,-0.10114574227902196,-0.1349178589895554,-0.13488317908401584,403.6002631578947,0.21660933258119142,0.86,nominal,5597.96677286422,nan,pitch_program,12.535000000000002,0.0,0.0
0.96,90.77562785171202,0.018313462420654094,25.396032463731085,103.9634545976345,0.06961045010502626,4.079678236390418,104.04349336696481,17.434296842410095,0.07051305196532302,6.831968031129096,0.25663791320581814,0.7937413215412243,1.375878671372587,-0.46145354271685374,4.5126038028539135,-0.14945906561313554,6627.754481328106,0.30614691705537816,104.15010995510256,2.1848902469381004,1.2220161404464664,101020.28542624202,287.9849257889857,-0.10114574227902196,-0.1349178589895554,-0.13488317908401584,403.56631578947366,0.21659111327489305,0.86,nominal,5661.574257761273,nan,pitch_program,12.520000000000001,0.0,0.0
0.99,93.91265878476058,0.020512402008131918,25.516173689298302,104.5676977682853,0.0732979862492608,4.004707518907171,104.64438098372142,17.427799109011847,0.098971134771714,6.791226013250422,0.2399356136524573,0.882570258797455,1.3572482436791078,-0.5548216265522173,4.526167820773388,-0.13367034967160488,6704.359210364182,0.3079132777037471,104.7508776422618,2.1842336839550454,1.2220020378188434,101018.84567596887,287.98414487101957,-0.10114574227902196,-0.1349178589895554,-0.13488317908401584,403.53236842105264,0.21657289396859472,0.86,nominal,5725.451420443276,nan,pitch_program,12.505,0.0,0.0
1.02,97.06779200153713,0.022815299575789434,25.6341176001189,105.17110722588492,0.07676325225525057,3.9314636940198615,105.24459175887795,17.42130192219279,0.13098164734469805,6.7510795557074745,0.2198325306066492,0.9880092945506658,1.336877329975644,-0.668112945913274,4.538768350380844,-0.11490989392122308,6781.31791741854,0.3096776552366426,105.35097166508886,2.1835914207984524,1.2219881932413805,101017.43227407239,287.9833782355992,-0.10114574227902196,-0.1349178589895554,-0.13488317908401584,403.49842105263156,0.21655467466229633,0.86,nominal,5789.596866609645,nan,pitch_program,12.49,0.0,0.0
1.05,100.2410025060568,0.025210037485695884,25.749915905487764,105.77368348398929,0.0798245969968816,3.8599435122954975,105.84411959884943,17.41480528195292,0.1668659896510988,6.7115687122243814,0.19645642183809267,1.1048114313740016,1.3150124226502802,-0.7772530591074409,4.550482642834674,-0.09342745871845037,6858.628297315716,0.3114400309466085,105.95038564492363,2.1829641425007384,1.22197460063767,101016.04460000033,287.9826255466143,-0.10114574227902196,-0.1349178589895554,-0.13488317908401584,403.46447368421053,0.216536455355998,0.86,nominal,5854.009239642323,nan,pitch_program,12.475,0.0,0.0
1.08,103.4322652860418,0.027680914045233738,25.863620271357068,106.3754259995001,0.08236255198459512,3.790145528976788,106.4429576970497,17.40830918829224,0.20685577964329058,6.672726041788112,0.17028634404382473,1.231335700964052,1.2919233184371026,-0.8706105097262583,4.561378801188512,-0.06978123093762953,6936.287945436479,0.31320038429090485,106.54911257733838,2.182352347776796,1.2219612539367208,101014.68203376357,287.98188646823615,-0.10114574227902196,-0.1349178589895554,-0.13488317908401584,403.43052631578945,0.21651823604969964,0.86,nominal,5918.68709338206,nan,pitch_program,12.46,0.0,0.0
1.1099999999999999,106.64155528820628,0.030209641597930346,25.975282365674307,106.97633340548246,0.08429091842322024,3.7220698105746237,107.04109873088309,17.401813641210747,0.25116160277386645,6.634576728267568,0.1419872236518567,1.3675627438405877,1.267888813825659,-0.9420259183276636,4.571515313504953,-0.0446943802092095,7014.294376097557,0.3149586933554586,107.14714498992413,2.1817563794077532,1.221948147067625,101013.34395539158,287.9811606646231,-0.10114574227902196,-0.1349178589895554,-0.13488317908401584,403.3965789473684,0.21650001674340127,0.86,nominal,5983.62891156867,nan,pitch_program,12.445,0.0,0.0
1.14,109.86884739865751,0.03277602395262505,26.084953893248155,107.57640368170777,0.08554607848982333,3.6557175857949904,107.63853500623458,17.395318640708446,0.30000996985892747,6.597140083862027,0.11232777153129736,1.5143747215339447,1.2431502576444573,-0.9880558704018528,4.580942115510029,-0.018982177796430775,7092.6450378898835,0.3167149352351721,107.7444750716321,2.1811764808794276,1.2219352739554565,101012.0297445132,287.9804477996939,-0.10114574227902196,-0.1349178589895554,-0.13488317908401584,403.3626315789474,0.21648179743710294,0.86,nominal,6048.8331222414145,nan,pitch_program,12.43,0.0,0.0
1.17,113.1141164273805,0.03535852480279198,26.19268662234407,108.17563429076601,0.08608336167223107,3.5910909698638114,108.23525857551478,17.38882418678533,0.35366929067806047,6.5604311195785945,0.08213058195823833,1.6733217278531136,1.217908309019013,-1.0069089433363079,4.589701757997354,0.00649351429232317,7171.337327332901,0.3184690863640374,108.34109478504719,2.180612820676947,1.22192262851814,101010.73878003693,287.97974753695473,-0.10114574227902196,-0.1349178589895554,-0.13488317908401584,403.3286842105263,0.21646357813080455,0.86,nominal,6114.298109719283,nan,pitch_program,12.415,0.0,0.0
1.2,116.3773370963208,0.037934801848496874,26.298532405097987,108.7740222980101,0.08587590152349651,3.5281927584638484,108.83126134387737,17.38233027944141,0.4124729179356689,6.524461379171866,0.052234202302416134,1.8465753444687525,1.192345406912327,-0.9980504798063538,4.597829890411327,0.0308594032222016,7250.368601899768,0.3202211228203448,108.93699597019423,2.180065286106037,1.2219102046640509,101009.47043990545,287.97905953936686,-0.10114574227902196,-0.1349178589895554,-0.13488317908401584,403.2947368421053,0.21644535882450622,0.86,nominal,6180.022225660122,nan,pitch_program,12.4,0.0,0.0
1.23,119.65848402391329,0.04048635914874603,26.402543221594456,109.37156425308284,0.08505191000830518,3.4670272165489515,109.42653507588511,17.375836918676672,0.4769376059194196,6.489232903210924,0.022618909128590707,2.0369543591386097,1.166634756300375,-0.9899022161328618,4.605356076032868,0.05416656581285011,7329.736203134453,0.3219710208440059,109.5321705204733,2.1795337262451535,1.2218979962868246,101008.22410056558,287.9783834690596,-0.10114574227902196,-0.1349178589895554,-0.13488317908401584,403.26078947368416,0.2164271395182078,0.86,nominal,6246.003789841007,nan,pitch_program,12.385,0.0,0.0
1.26,122.95753173385468,0.04299277722049462,26.504771145373883,109.96825699804636,0.08354726905828624,3.407597459314223,110.02107183525919,17.369344104491127,0.5476430262103446,6.454752747564645,-0.0064323168111618265,2.247694852304789,1.1406897237554345,-0.972440865380991,4.612311989621624,0.07605676350698444,7409.437457725064,0.3237187568540958,110.12661038866831,2.179018386111952,1.2218859972694065,101006.99913738144,287.977718987555,-0.10114574227902196,-0.1349178589895554,-0.13488317908401584,403.22684210526313,0.21640892021190947,0.86,nominal,6312.241137842413,nan,pitch_program,12.37,0.0,0.0
1.29,126.27445464595853,0.04543274249671791,26.605268362084797,110.56409707012826,0.08133217587410956,3.349907223697088,110.61486362267485,17.36285183688477,0.6252713544305062,6.421026325961666,-0.03452777233332932,2.482603503707437,1.1146302415214209,-0.9420678317422593,4.618724715500141,0.09607316802136459,7489.469667251771,0.32546430722073244,110.72030750931806,2.178519377632184,1.2218742014818509,101005.79492440954,287.97706575564644,-0.10114574227902196,-0.1349178589895554,-0.13488317908401584,403.1928947368421,0.21639070090561113,0.86,nominal,6378.732582114516,nan,pitch_program,12.355,0.0,0.0
1.3199999999999998,129.60922707089182,0.04778457403526206,26.70408717995713,111.15908083110969,0.07839438461813833,3.293960595744475,111.20790247686104,17.3563601158576,0.7106370197794993,6.388054152166282,-0.06125012636572376,2.7461620922191035,1.0886788192312955,-0.8979388973921533,4.62461359880022,0.11373192967173762,7569.830118944233,0.3272076484981634,111.31325387799625,2.1780365544266105,1.2218626027800812,101004.61083427188,287.97642343333024,-0.10114574227902196,-0.1349178589895554,-0.13488317908401584,403.158947368421,0.21637248159931274,0.86,nominal,6445.476423194844,nan,pitch_program,12.34,0.0,0.0
1.3499999999999999,132.96182320940795,0.05002654526778315,26.801280025744976,111.75320461720439,0.0747323744173696,3.239761526261462,111.80018059864476,17.34986894140962,0.8047148256197233,6.355834611387554,-0.08619764709091546,3.043636386472494,1.0629625894113988,-0.8405767629199454,4.629993146022302,0.12855735793332249,7650.516101627729,0.3289487577617172,111.9054416659429,2.177569681886395,1.221851195006366,101003.44623820449,287.97579167983264,-0.10114574227902196,-0.1349178589895554,-0.13488317908401584,403.125,0.2163542622930144,0.86,nominal,6512.470963709264,nan,pitch_program,12.325,0.0,0.0
1.38,136.33221715399668,0.05213710824186163,26.896899434851633,112.34646481962457,0.07035209913594927,3.18731363688854,112.39169041839743,17.343378313540832,0.9086696734607361,6.324366331848435,-0.10900988055453976,3.3811906856987264,1.0375260975043683,-0.7713562335521846,4.634875339624806,0.1401033685730831,7731.5249150686805,0.3306876127928685,112.49686328303248,2.177118530954429,1.2218399719904653,101002.3005061741,287.97517015367345,-0.10114574227902196,-0.1349178589895554,-0.13488317908401584,403.0910526315789,0.21633604298671602,0.86,nominal,6579.714516395233,nan,pitch_program,12.31,0.0,0.0
1.41,139.72038289153753,0.054095054081421255,26.990998040757336,112.93885791802848,0.06526486131865429,3.136620196856822,112.98242462254949,17.33688823225123,1.0238893269347442,6.293647793379946,-0.1293877260866078,3.7660119018277514,1.0124205220734417,-0.692319931620233,4.639269102381917,0.14796974617310799,7812.853874168593,0.3324241921489249,113.08751140149222,2.176682818408318,1.2218289275508665,101001.17300700411,287.97455851273503,-0.10114574227902196,-0.1349178589895554,-0.13488317908401584,403.0571052631579,0.2163178236804177,0.86,nominal,6647.2054077314315,nan,pitch_program,12.295,0.0,0.0
1.44,143.12629430717016,0.05587961454975059,27.083628561033887,113.53038052108745,0.05948534894431122,3.087684009218384,113.57237618501443,17.33039869754082,1.1520210449507078,6.2636765779537615,-0.14711160871797163,4.206447060406789,0.9877107215639388,-0.6061159142077258,4.643179478593071,0.15181633169885733,7894.500313967372,0.3341584752476482,113.67737898470621,2.17626215541771,1.221818055496422,101000.06310854162,287.97395641435327,-0.10114574227902196,-0.1349178589895554,-0.13488317908401584,403.02315789473687,0.21629960437411935,0.86,nominal,6714.941982183279,nan,pitch_program,12.28,0.0,0.0
1.47,146.5499251896652,0.05747049795586629,27.17484377716834,114.12102941650198,0.05302944687052327,3.0405072044818384,114.16153840617623,17.323909709409595,1.2950127465231074,6.23444967619813,-0.1620590250563192,4.7121579226562025,0.9634329458816837,-0.5159766891418733,4.646607979110491,0.15137613597023902,7976.4615957883225,0.3358904424732237,114.26645932328992,2.1758560689092175,1.2218073496287034,100998.97017789756,287.9733635154484,-0.10114574227902196,-0.1349178589895554,-0.13488317908401584,402.9892105263158,0.21628138506782096,0.86,nominal,6782.922607359794,nan,pitch_program,12.265,0.0,0.0
1.5,149.99124923789702,0.05884784761632088,27.26469650860426,114.71080160772708,0.04591165534848615,2.9950910478639776,114.74990494005829,17.31742126785756,1.4551593742339883,6.205963992486502,-0.1742217689389353,5.294296551259145,0.9395783735392605,-0.42570849053018855,4.649553229473804,0.14646755852004312,8058.735111832236,0.3376200752464174,114.85474605899047,2.1754640307867894,1.221796803745051,100997.89358175774,287.97277947269407,-0.10114574227902196,-0.1349178589895554,-0.13488317908401584,402.9552631578947,0.2162631657615226,0.86,nominal,6851.145677892309,nan,pitch_program,12.25,0.0,0.0
1.53,153.45024006790194,0.05999210869229,27.353239581635926,115.29969433349734,0.03814203586563743,2.951435767722209,115.33746980623343,17.310933372884715,1.6351552093455333,6.178216299357294,-0.18372277404947085,5.965706071622389,0.9160979830157889,-0.3396788165674579,4.652011249854626,0.1370055708248048,8141.318287662618,0.33934735604859395,115.4422331928984,2.1750854564445286,1.2217864116422112,100996.83268675403,287.9722039427193,-0.10114574227902196,-0.1349178589895554,-0.13488317908401584,402.9213157894737,0.21624494645522424,0.86,nominal,6919.609617595154,nan,pitch_program,12.235,0.0,0.0
1.56,156.92687122029267,0.06088378792153822,27.440525792187977,115.88770507969112,0.029722640974940765,2.9095403517350227,115.92422739501535,17.30444602449106,1.8381530271537445,6.151202893033909,-0.19083239324877269,6.741151568023512,0.8928941560413504,-0.2627977367512937,4.6539757699512005,0.1230115968898899,8224.208583701196,0.34107226842441113,116.0289150864149,2.1747196987399513,1.2217761671207048,100995.78685991012,287.97163658235075,-0.10114574227902196,-0.1349178589895554,-0.13488317908401584,402.8873684210526,0.21622672714892588,0.86,nominal,6988.312880825573,nan,pitch_program,12.220000000000002,0.0,0.0
1.5899999999999999,160.42111616786724,0.061503089908647605,27.526607861020228,116.47483158581899,0.02064339957031275,2.8694022944084256,116.5101724684244,17.297959222676592,2.067831153336073,6.12491924457443,-0.19598390100559143,7.637586957719034,0.869795965717326,-0.20049155006188027,4.6554390633674165,0.10462177580180845,8307.403496048782,0.34279479697041115,116.61478645743267,2.1743660601798447,1.221766063990073,100994.75546917682,287.97107704890334,-0.10114574227902196,-0.1349178589895554,-0.13488317908401584,402.8534210526316,0.21620850784262752,0.86,nominal,7057.253953291273,nan,pitch_program,12.205000000000002,0.0,0.0
1.6199999999999999,163.93294832308058,0.06182941296583602,27.611538380345966,117.06107184044434,0.010877435239613842,2.8310173108579675,117.09530015234022,17.291472967441315,2.328469690372228,6.099359479851835,-0.19978800240174105,8.674464789382172,0.8465314543024809,-0.15866881917437112,4.656393384359965,0.08209327817176748,8390.90055595341,0.3445149272960459,117.1998423671528,2.174023817926028,1.22175609607514,100993.7378840713,287.97052500052774,-0.10114574227902196,-0.1349178589895554,-0.13488317908401584,402.8194736842105,0.21619028853632916,0.86,nominal,7126.431351740943,nan,pitch_program,12.19,0.0,0.0
1.65,167.46234104487314,0.06184068691621725,27.69536975092101,117.6464240597517,0.0003757983460407274,2.7943790191681828,117.67960591492016,17.284987258785225,2.6250374339417877,6.074515433274123,-0.20304616138135043,9.874097225302146,0.8226972204254606,-0.1436796551116699,4.65683310410263,0.05580835533526915,8474.697327171758,0.34623264594266134,117.78407819261446,2.173692258892607,1.2217462572233895,100992.73347642989,287.969980096619,-0.10114574227902196,-0.1349178589895554,-0.13488317908401584,402.78552631578947,0.21617206923003082,0.86,nominal,7195.843621913326,nan,pitch_program,12.175,0.0,0.0
1.68,171.00926764414842,0.06151253470911282,27.778154108341543,118.23088664250895,-0.010938406903480864,2.759478580684404,118.26308552528047,17.278502096708323,2.9632912992672513,6.050375172593285,-0.20676262077653487,11.262078016169692,0.7977169327399931,-0.1622697517524584,4.65675792299148,0.0262758184442522,8558.791400284166,0.34794794024274045,118.36748957891884,2.1733707401351845,1.221736541313609,100991.74162129028,287.96944199829574,-0.10114574227902196,-0.1349178589895554,-0.13488317908401584,402.75157894736844,0.21615384992373246,0.86,nominal,7265.48933396647,nan,pitch_program,12.16,0.0,0.0
1.71,174.57370138677985,0.06081723905534213,27.85994323719534,118.81445808771414,-0.02317652179235626,2.726304295126477,118.84573498000661,17.27201748121061,3.34989043331255,6.0269208803989285,-0.21215506614710924,12.867777099142963,0.7707850199919054,-0.22153122379924514,4.656177669626276,-0.005870330725320763,8643.180382056202,0.34966079808282186,118.95007235870393,2.173058795705996,1.2217269422659618,100990.7616979197,287.96891036895823,-0.10114574227902196,-0.1349178589895554,-0.13488317908401584,402.71763157894736,0.2161356306174341,0.86,nominal,7335.367073816025,nan,pitch_program,12.145,0.0,0.0
1.74,178.15561549231884,0.0597224944531502,27.940788471900447,119.39713685130035,-0.03649148673973092,2.694841156836933,119.42755037585476,17.265533412292086,3.7925276095649125,6.004125836927815,-0.22066398372363433,14.724921589686799,0.74079503038009,-0.3288528543707083,4.655119236478981,-0.0398753680365405,8727.861876525754,0.35137120750645734,119.53182241722497,2.1727563113269412,1.2217174540536127,100989.79309100138,287.9683848749326,-0.10114574227902196,-0.1349178589895554,-0.13488317908401584,402.68368421052634,0.21611741131113574,0.86,nominal,7405.475427656626,nan,pitch_program,12.13,0.0,0.0
1.77,181.7549831255324,0.058189923796500946,28.020740583281242,119.97892110711794,-0.05108568855497508,2.6650703793598725,120.00852769658725,17.259049889952752,4.300080999429183,5.981950156597872,-0.2339608889069665,16.872279452777782,0.7062491423529444,-0.4918729228177285,4.653636338367704,-0.07487164052687,8812.833452842391,0.35307915606291435,120.11273547096447,2.1724637960922286,1.2217080707160426,100988.83519199374,287.96786518620866,-0.10114574227902196,-0.1349178589895554,-0.13488317908401584,402.64973684210526,0.21609919200483738,0.86,nominal,7475.812955592309,nan,pitch_program,12.115,0.0,0.0
1.7999999999999998,185.37177737641954,0.056173337024243916,28.09984965014472,120.55980836290519,-0.06721955907523425,2.6369688954491997,120.58866246843073,17.252566914192606,4.88279000117695,5.960334869224259,-0.2539557621824233,19.354465101649517,0.6651424381570055,-0.7184383504617089,4.651823002653249,-0.10988989890094006,8898.092592718316,0.3547846297677159,120.69280671422084,2.1721827938998404,1.2216987863741051,100987.88740066717,287.967350977274,-0.10114574227902196,-0.1349178589895554,-0.13488317908401584,402.6157894736842,0.216080972698539,0.86,nominal,7546.378148534148,nan,pitch_program,12.1,0.0,0.0
1.8299999999999998,189.00597122228982,0.053616706670299885,28.178164915412754,121.13979486234258,-0.08522101179813445,2.6105088422678056,121.16794922060393,17.24608448501165,5.55245949895537,5.939193818663019,-0.2828042272253121,22.222889672384618,0.6148149384143555,-1.0165744679149447,4.649831936616142,-0.14387439612275804,8983.636607418413,0.35648761148799174,121.27203027005405,2.171916490952995,1.2216895952469142,100986.9491268278,287.9668419280498,-0.10114574227902196,-0.1349178589895554,-0.13488317908401584,402.58184210526315,0.21606275339224065,0.86,nominal,7617.169360131159,nan,pitch_program,12.085,0.0,0.0
1.8599999999999999,192.65753746266938,0.050451831271876614,28.255734626664193,121.71887467931896,-0.105495846614109,2.585657041714575,121.74638066452232,17.23960260240988,6.322697738866752,5.918402673924571,-0.322915250210373,25.5368828729743,0.5517629058750764,-1.3944702739773531,4.6478991908628515,-0.1757020391733307,9069.46251045389,0.3581880784983363,121.85039835907942,2.1716705919366177,1.2216804916705415,100986.01979222603,287.96633772492663,-0.10114574227902196,-0.1349178589895554,-0.13488317908401584,402.54789473684207,0.2160445340859423,0.86,nominal,7688.184702431964,nan,pitch_program,12.07,0.0,0.0
1.89,196.32644861405134,0.046595651760440955,28.332605861027325,122.29703837939897,-0.12853931704785523,2.562374478771088,122.32394647695793,17.233121266387304,7.209193968879023,5.897784132186105,-0.3769604465169767,29.365018248864256,0.47139727948875165,-1.8604846214453385,4.646376904978405,-0.20420601834614294,9155.566827414646,0.35988599886936956,122.42790007119636,2.171454561317629,1.2216714701185714,100985.09883265471,287.9658380619033,-0.10114574227902196,-0.1349178589895554,-0.13488317908401584,402.51394736842104,0.21602631477964393,0.86,nominal,7759.421890115878,nan,pitch_program,12.055,0.0,0.0
1.92,200.01267674657254,0.04194717729950585,28.408824333934984,122.87427108403998,-0.15494914869783677,2.5406157635886046,122.90063153674606,17.226640476943913,8.230043121126162,5.877088114138332,-0.4478864744160599,33.78667962738089,0.3677321498381998,-2.423179330283408,4.645776406581577,-0.22820459981009647,9241.945318357055,0.36158132624593975,123.0045195895326,2.171283360561772,1.2216625252245283,100984.18570023829,287.9653426418294,-0.10114574227902196,-0.1349178589895554,-0.13488317908401584,402.48,0.2160080954733456,0.86,nominal,7830.878013219894,nan,pitch_program,12.040000000000001,0.0,0.0
1.95,203.7161932382469,0.036383964246915486,28.484434189796122,123.45054972247829,-0.18544043508634564,2.520328528704595,123.47641341903989,17.220160234079714,9.4061261515516,5.855965362851445,-0.5389325100988454,38.89391363989981,0.23297953578590166,-3.091385804626749,4.646824562698564,-0.2465362226132533,9328.592580422008,0.3632739924373499,123.5802336701141,2.1711798618722122,1.2216536518064423,100983.27986594044,287.9648511777663,-0.10114574227902196,-0.1349178589895554,-0.13488317908401584,402.44605263157894,0.2159898761670472,0.86,nominal,7902.54921196219,nan,pitch_program,12.025,0.0,0.0
1.98,207.43696841395882,0.029758073140630784,28.55947776920853,124.02583919039773,-0.2208630368761567,2.501452647080243,124.05125889207672,17.2136805377947,10.7615562329552,5.833932312668972,-0.6536554930810812,44.79362188799286,0.05701654193400732,-3.874312336155058,4.650537114948606,-0.25810279636583233,9415.501488282081,0.36496389706761484,124.1550081214563,2.1711781955061755,1.221644844894156,100982.38082235145,287.96436339450014,-0.10114574227902196,-0.1349178589895554,-0.13488317908401584,402.4121052631579,0.21597165686074887,0.86,nominal,7974.43021901993,nan,pitch_program,12.01,0.0,0.0
2.01,211.17497102537192,0.02189140115675931,28.633995340298338,124.60008704710336,-0.26222239946238246,2.483919036326872,124.62511908323916,17.20720138808888,12.324202873052368,5.810324324679293,-0.7959668026334662,51.61015693909824,-0.1733247919257179,-4.781699929768194,4.658313857754127,-0.2619243109359494,9502.662416643641,0.36665089330265294,124.72879294966819,2.17132840975238,1.2216360997608506,100981.48808690615,287.963879030288,-0.10114574227902196,-0.1349178589895554,-0.13488317908401584,402.37815789473683,0.2159534375544505,0.86,nominal,8046.5137236597075,nan,pitch_program,11.995000000000001,0.0,0.0
2.04,214.930167513281,0.012570247543828012,28.708024768310683,125.17321626363623,-0.31070512043104337,2.467647600411483,125.19792287468161,17.200722784962245,14.126308260995502,5.784233264388706,-0.9701854355300737,59.48839948081534,-0.47521894035600176,-5.824035185386536,4.672062061497908,-0.2572097905163191,9590.062170816018,0.3683347683562472,125.30151572749872,2.171703021378029,1.2216274119618102,100980.60120584084,287.96339783900595,-0.10114574227902196,-0.1349178589895554,-0.13488317908401584,402.3442105263158,0.21593521824815215,0.86,nominal,8118.789497161516,nan,pitch_program,11.98,0.0,0.0
2.07,218.70252097428101,0.0015389117122000546,28.781601072841983,125.74511536666706,-0.3677111943875986,2.452543484376665,125.7695679393137,17.1942447284148,16.205212811320862,5.754423716460037,-1.1811148768361148,68.5974104218888,-0.871171942273799,-7.012829440447852,4.694356680894017,-0.24345263211561863,9677.682525855835,0.370015217034154,125.8730725952808,2.1724063630058597,1.221618777386373,100979.7197594964,287.9629195930265,-0.10114574227902196,-0.1349178589895554,-0.13488317908401584,402.3102631578947,0.2159169989418538,0.86,nominal,8191.243197981809,nan,pitch_program,11.965,0.0,0.0
2.1,222.49198972669663,-0.01150795947420326,28.854755777738525,126.31562508052089,-0.4348957062134438,2.4384901632180016,126.33990861178471,17.187767218446545,18.604210070486843,5.719219535445258,-1.4341541647275844,79.13477261622349,-1.390884374064451,-8.360973758510216,4.728648910369496,-0.22056306007070542,9765.498238040538,0.37169180593566803,126.44331608405408,2.1735881835095636,1.2216101923342109,100978.8433701049,287.9624440874447,-0.10114574227902196,-0.1349178589895554,-0.13488317908401584,402.27631578947364,0.2158987796355554,0.86,nominal,8263.854744764816,nan,pitch_program,11.95,0.0,0.0
2.13,226.29852533294985,-0.026934676976502734,28.927515880341854,126.88452020844024,-0.5142239167433158,2.4253367534443306,126.90873946710776,17.18129025505748,21.373554998783398,5.676348280934037,-1.7354589926909212,91.33176380378548,-2.073929461496393,-9.883178707652606,4.779539025291557,-0.18905775540601283,9853.474337886082,0.37336392497813864,127.01203862680113,2.1754638826230166,1.2216016536362857,100977.97171413658,287.9619711467777,-0.10114574227902196,-0.1349178589895554,-0.13488317908401584,402.2423684210526,0.21588056032925707,0.86,nominal,8336.596100173072,nan,pitch_program,11.935,0.0,0.0
2.16,230.12206988116333,-0.045176035064114425,28.99990212994278,127.45148494044894,-0.6080452695870563,2.412874986697524,127.47577298560218,17.1748138382476,24.571654285379108,5.622724181783078,-2.0921776049252343,105.45953765649995,-2.973698998675066,-11.596504380053862,4.853136007445239,-0.15033823003467567,9941.562430594862,0.3750307214467574,127.5789501261958,2.1783453233962304,1.22159315885686,100977.10454292138,287.96150063615534,-0.10114574227902196,-0.1349178589895554,-0.13488317908401584,402.2084210526316,0.2158623410229587,0.86,nominal,8409.428239360994,nan,pitch_program,11.92,0.0,0.0
2.19,233.96255224822886,-0.06675185170395535,29.07192606850952,128.01607890218486,-0.7191938879946976,2.400797952224685,128.04060890259134,17.168337968016914,28.266472958269375,5.554138274748915,-2.5128015932351953,121.83653701360672,-4.163378391200721,-13.520975425689075,4.957536753525817,-0.10710779645004218,10029.695598698503,0.3766910094613309,128.1436471616044,2.182688809166439,1.221584706640753,100976.2417180969,287.96103248055465,-0.10114574227902196,-0.1349178589895554,-0.13488317908401584,402.1744736842105,0.21584412171666034,0.86,nominal,8482.296967852926,nan,pitch_program,11.905,0.0,0.0
2.2199999999999998,237.8198829435127,-0.09228561777480607,29.14358488047826,128.57768984279477,-0.8511255356950236,2.3886270656247164,128.60269157076797,17.161862644365414,32.49519548685122,5.464981842941577,-3.007738599621986,139.43529891699183,-5.745274025822431,-15.680247945598461,5.103692696352031,-0.060332676910624196,10117.781288897064,0.37834314399124086,128.70557013945344,2.1891891626343227,1.2215762973177016,100975.38327330236,287.96056669827686,-0.10114574227902196,-0.1349178589895554,-0.13488317908401584,402.1405263157895,0.215825902410362,0.86,nominal,8555.127076291179,nan,pitch_program,11.890000000000002,0.0,0.0
2.25,241.6939467973663,-0.12252546659271646,29.214854863698353,129.13546179511962,-1.0079949605970129,2.3756661073363645,129.16124548924472,17.155387867293104,37.27297606403232,5.347703656903285,-3.589914065650341,157.52014902052161,-7.849129719916433,-18.0993099714965,5.306104203197173,-0.010401212649364475,10205.69059981726,0.3799848309558096,129.26393870341602,2.198898591939941,1.221567933668508,100974.52949238705,287.96010344338595,-0.10114574227902196,-0.1349178589895554,-0.13488317908401584,402.1065789473684,0.21580768310406362,0.86,nominal,8627.813524615556,nan,pitch_program,11.875,0.0,0.0
2.28,245.5845926710171,-0.15836983551798653,29.28568195763462,129.6881957883599,-1.194812297509002,2.3609031312088304,129.71518633861342,17.148913636799982,42.60602229452546,5.192062981824806,-4.275595434346738,175.7928736433834,-10.64472924656154,-20.802994941540252,5.583816260220589,0.041039768938172565,10293.24341834709,0.38161286490484536,129.8176625135589,2.213427760830343,1.2215596220364957,100973.68102286833,287.95964306727535,-0.10114574227902196,-0.1349178589895554,-0.13488317908401584,402.0726315789474,0.21578946379776529,0.86,nominal,8700.209216400439,nan,pitch_program,11.86,0.0,0.0
2.31,249.49161887363718,-0.2009009198978179,29.35596659287554,130.23420675400266,-1.417702812661045,2.3428211746973675,130.26299283052708,17.14243995288605,48.49685789864701,4.98405347396752,-5.085706978643032,194.13316752725146,-14.364880434604355,-23.81617961241221,5.9619388264367545,0.08956018205288359,10380.186956761085,0.3832227508917971,130.36521263907835,2.2352830660490475,1.221551374105336,100972.83905741246,287.9591862171463,-0.10114574227902196,-0.1349178589895554,-0.13488317908401584,402.03868421052636,0.21577124449146692,0.86,nominal,8772.107340370998,nan,pitch_program,11.845,0.0,0.0
2.34,253.41475211787483,-0.25142876210734894,29.42553900065919,130.771108141255,-1.6842614069843678,2.3190802594549864,130.8025137152519,17.135966815551306,54.94641799208382,4.704155466544802,-6.047958428350305,212.49549760788227,-19.340083723498118,-27.16552826202449,6.473922609520961,0.12626587358294458,10466.163433310814,0.3848081350181929,130.9044278798223,2.2684154218505928,1.2215432097963248,100972.00562958975,287.9587339964957,-0.10114574227902196,-0.1349178589895554,-0.13488317908401584,402.0047368421053,0.21575302518516856,0.86,nominal,8843.214759155147,nan,pitch_program,11.83,0.0,0.0
2.37,257.3536164326889,-0.31154871859406763,29.494119100925065,131.29547716047014,-2.0039985495572896,2.286003342195836,131.33066718882796,17.129494224795753,61.954811059409664,4.324378699750726,-7.200399233292407,230.86998890657776,-26.06003124075315,-30.882622534416566,7.165241903729529,0.1356040992888806,10550.65978677856,0.38635991773262063,131.4322131915309,2.3189477157669502,1.2215351619752695,100971.18409435487,287.95828822584394,-0.10114574227902196,-0.1349178589895554,-0.13488317908401584,401.9707894736842,0.21573480587887017,0.86,nominal,8913.110575212435,nan,pitch_program,11.815,0.0,0.0
2.4,261.3076862342943,-0.38321171359854383,29.561252283816827,131.8023267201786,-2.388766500149207,2.2377727630586994,131.84296401850207,17.123022180619387,69.52160049939431,3.8041584098249692,-8.600862072210955,249.27046084880232,-35.40422616424574,-35.018417037097365,8.103365765746874,0.09225121854271563,10632.928003537356,0.3878648479869582,131.9440615472002,2.3974262702236264,1.2215272839881248,100970.37989728566,287.9578518601552,-0.10114574227902196,-0.1349178589895554,-0.13488317908401584,401.9368421052631,0.2157165865725718,0.86,nominal,8981.180435301107,nan,pitch_program,11.8,0.0,0.0
2.4299999999999997,265.2762084494717,-0.46882362060446225,29.62621435996732,132.28407383924676,-2.8537302335306136,2.165402538349818,132.33256944496372,17.116550683022208,77.64471512235984,3.0778268845417065,-10.335993371917418,267.73587962225884,-48.66142113040962,-39.63969933812517,9.386991833472862,-0.0443417350277343,10711.82937554454,0.3893027590144252,132.43311375467462,2.5211037466418764,1.2215196608143875,100969.60171312199,287.9574296066602,-0.10114574227902196,-0.1349178589895554,-0.13488317908401584,401.9028947368421,0.21569836726627348,0.86,nominal,9046.488383006246,nan,pitch_program,11.785,0.0,0.0
2.46,269.2580730000695,-0.5713704163224421,29.68785585741981,132.7288183532594,-3.4182265239326632,2.0547165817495783,132.78872449968318,17.11007973200422,86.31713747336023,2.033655545989581,-12.53884968084869,286.34050021292904,-67.98474615798074,-44.826713006869724,11.167127446719519,-0.3392397740718096,10785.57229282974,0.3906419179192034,132.88857672698566,2.595285711062785,1.2215124273377782,100968.86331083752,287.95702893692675,-0.10114574227902196,-0.1349178589895554,-0.13488317908401584,401.86894736842106,0.21568014795997512,0.86,nominal,9107.561088770548,nan,pitch_program,11.77,0.0,0.0
2.4899999999999998,273.2513254651373,-0.6934628178021017,29.74427247593208,133.108415502261,-4.069746715988653,1.880553950408948,133.18389391745256,17.10360932756542,95.51963134106555,0.4704450856732647,-15.53384932413162,305.21477469351106,-100.98474615798074,-50.66424185446301,13.81719818234453,-0.9106389078350391,10849.61739180926,0.3918013350273789,133.28290239906872,2.683643863464476,1.221505807016454,100968.1875011073,287.9566622289064,-0.10114574227902196,-0.1349178589895554,-0.13488317908401584,401.835,0.21566192865367675,0.86,nominal,9160.66646918373,nan,pitch_program,11.755,0.0,0.0
2.52,277.252601569347,-0.8378156757533872,29.79291696486999,133.37587014032292,-4.811761931709518,1.6214829645969557,133.47248778523686,17.09713946970581,105.18853738432779,-1.9184500054839264,-19.167008880819793,324.60604087505993,-133.98474615798074,-56.77171601849532,17.259892072740566,-1.933781639081009,10896.43527600422,0.3926469016721973,133.5704737636113,2.8995272337962175,1.2215000987533116,100967.60479597696,287.9563460397283,-0.10114574227902196,-0.1349178589895554,-0.13488317908401584,401.80105263157895,0.2156437093473784,0.86,nominal,9199.621206943646,nan,pitch_program,11.74,0.0,0.0
2.55,281.2571719168181,-1.0073946785913468,29.829960976347515,133.48567824903662,-5.652633427931982,1.2348003825841558,133.61101486876274,17.090670158425386,115.24739042640907,-5.368250093010467,-23.217653798932616,344.8146648011882,-166.98474615798074,-61.58121328879468,21.365533982934917,-3.6420069420123644,10918.804411210293,0.39305058833914874,133.70774383799017,3.020738742805169,1.2214957517799112,100967.16105307495,287.95610525365373,-0.10114574227902196,-0.1349178589895554,-0.13488317908401584,401.7671052631579,0.21562549004108003,0.86,nominal,9218.483633939066,nan,pitch_program,11.725000000000001,0.0,0.0
2.58,285.2607457052914,-1.2027270037599103,29.851353991917108,133.4524596157772,-6.511077505618785,0.7131005189865038,133.61310422310754,17.084201393724154,125.63719215984601,-10.06480779682981,-27.41585666756146,366.2571458974029,-199.9847461579807,-64.98926528053194,25.986236026554717,-6.267772923112845,10918.89143536023,0.39305265346405377,133.70841406705458,2.9203714203996944,1.2214932413965522,100966.90479108311,287.9559661990525,-0.10114574227902196,-0.1349178589895554,-0.13488317908401584,401.73315789473685,0.2156072707347817,0.86,nominal,9218.972590692332,nan,pitch_program,11.71,0.0,0.0
2.61,289.26142503574783,-1.4218396535027906,29.854409172992447,133.35597768188023,-7.303754991429344,0.10183936917796144,133.55587591612016,17.07773317560211,136.36835588612053,-16.145697187085215,-31.436052771314188,389.48636974225906,-232.9847461579807,-67.67400218604746,30.92700034467041,-10.008733792838346,10909.306879369342,0.39288017682827714,133.64973646082353,2.878298043247212,1.221492882883802,100966.8681938177,287.95594634037553,-0.10114574227902196,-0.1349178589895554,-0.13488317908401584,401.6992105263158,0.21558905142848334,0.86,nominal,9211.357737577368,nan,pitch_program,11.695,0.0,0.0
2.6399999999999997,293.25679484852,-1.6629212069570876,29.837039739701034,133.17899375907177,-8.0360517818099,-0.5789811097138167,133.42247833871252,17.071265504059255,147.60815978980037,-23.684869348456466,-34.85535971957962,415.20229923914724,-265.9847461579807,-70.75571763200075,35.0,-14.999071741452262,10887.319039585334,0.39248364535795316,133.51487080373428,2.9745891477998825,1.2214949211153887,100967.07625814564,287.95605924169195,-0.10114574227902196,-0.1349178589895554,-0.13488317908401584,401.6652631578947,0.21557083212218495,0.86,nominal,9193.380268785444,nan,pitch_program,11.68,0.0,0.0
2.67,297.2437365279786,-1.9246963202645575,29.797060398278738,132.89805598195534,-8.725837110249001,-1.3326447140765105,133.1908760350779,17.06479837909559,159.8426046794337,-32.651778857972566,-37.034057330232365,444.19226639164185,-298.9847461579807,-75.49632383017168,35.0,-21.29585483388754,10849.375551375959,0.39179819520183645,133.28175488625573,3.3117712401244614,1.2214996125366235,100967.55516252755,287.95631910741116,-0.10114574227902196,-0.1349178589895554,-0.13488317908401584,401.63131578947366,0.21555261281588659,0.86,nominal,9162.114071850525,nan,pitch_program,11.665,0.0,0.0
2.6999999999999997,301.2182019253364,-2.2059746258653323,29.730413071701847,132.48217991192544,-9.375943520025832,-2.2215775525630796,132.83211854791952,17.058331800711112,174.2337455021245,-42.81057872673903,-36.79127349570647,477.19226639164185,-331.9847461579806,-83.05678918329987,35.0,-28.86435359929718,10790.851078595502,0.3907384886346783,132.92136431065202,3.6996127449804557,1.221507433373515,100968.3535213569,287.9567523150339,-0.10114574227902196,-0.1349178589895554,-0.13488317908401584,401.59736842105264,0.21553439350958825,0.86,nominal,9113.741614313878,nan,pitch_program,11.65,0.0,0.0
2.73,305.175499835571,-2.5039412936924443,29.632736768434732,131.90993034115274,-9.932222260903734,-3.2558767755704388,132.32338982668733,17.051865768905824,-166.62785888493502,-53.429680419993105,-31.54693371276679,510.1922663916418,-364.9847461579806,-94.25587242923773,35.0,-29.999999999999996,10708.232842237545,0.38923754926145404,132.41092093660058,3.8248280155434906,1.2215188954244052,100969.52358111249,287.95738721100514,-0.10114574227902196,-0.1349178589895554,-0.13488317908401584,401.56342105263155,0.21551617420328986,0.86,nominal,9045.3376256429,nan,pitch_program,11.635,0.0,0.0
2.76,309.1130299946281,-2.8107307319015566,29.500331110175072,131.25100530190352,-10.22631460697041,-4.413521941988711,131.72275080309194,17.045400283679726,-138.4303045504048,-62.61728365986639,-16.654786908893144,520.0,-395.8523812731556,-94.0258809529123,35.0,-29.999999999999996,10611.182938753804,0.38746663969978484,131.80868947805502,3.8638936034473117,1.2215344330028535,100971.10967967601,287.95824784778387,-0.10114574227902196,-0.1349178589895554,-0.13488317908401584,401.52947368421053,0.21549795489699153,0.86,nominal,8964.740961648326,nan,pitch_program,11.620000000000001,0.0,0.0
2.79,313.02961447662193,-3.1168293458870515,29.33219614254778,130.55281606646065,-10.203287132849832,-5.604498920909764,131.07080246703674,17.038935345032815,-97.02669607404319,-66.35693703599571,11.91843902615366,520.0,-422.0007361481157,-83.26214202858756,35.0,-29.999999999999996,10506.43252432932,0.3855455738615164,131.1554287573246,3.8493021034470685,1.2215541635727942,100973.12381172983,287.9593407250734,-0.10114574227902196,-0.1349178589895554,-0.13488317908401584,401.49552631578945,0.21547973559069317,0.86,nominal,8877.428210977798,nan,pitch_program,11.605,0.0,0.0
2.82,316.92535718890844,-3.412736390260797,29.13041638249736,129.85809040954953,-9.863568145791504,-6.725992001680758,130.4057229947677,17.032470952965095,-56.167856698197006,-61.336862770867114,40.02921270723682,520.0,-442.32114641507974,-64.08585210516513,32.210754600585794,-29.999999999999996,10400.20372400254,0.383586936960015,130.48943410514488,3.838413963218059,1.2215778426672905,100975.54102636127,287.96065229351376,-0.10114574227902196,-0.1349178589895554,-0.13488317908401584,401.4615789473684,0.2154615162843948,0.86,nominal,8788.498092711461,nan,pitch_program,11.59,0.0,0.0
2.85,320.80194535331634,-3.6885289535226873,28.900414450702286,129.21960548026303,-9.193085442063012,-7.666731059835767,129.7728709151637,17.026007107476563,-28.928409918908145,-51.122686408115605,54.06846686832486,520.0,-430.6772674150561,-37.61705172405044,12.29022132495325,-29.999999999999996,10299.738722285583,0.3817245257907327,129.8562121318208,3.4661105043718754,1.2216048340954173,100978.29638480415,287.9621473060704,-0.10114574227902196,-0.1349178589895554,-0.13488317908401584,401.4276315789474,0.21544329697809647,0.86,nominal,8703.915262154853,nan,pitch_program,11.575,0.0,0.0
2.88,324.66880107436094,-3.9376662253917507,28.65015702011958,128.8951907014866,-8.304575728968786,-8.341914352756895,129.43154058837246,17.01954380856722,-9.520401929961206,-39.146398240723215,59.54357938417092,520.0,-424.62048731825917,-9.68400135145987,-12.274111744091304,-29.999999999999996,10245.93981334942,0.3807206326084149,129.51507049880846,3.721543984610024,1.2216342030863967,100981.29446758423,287.9637739793692,-0.10114574227902196,-0.1349178589895554,-0.13488317908401584,401.3936842105263,0.21542507767179808,0.86,nominal,8657.223911881109,nan,pitch_program,11.56,0.0,0.0
2.9099999999999997,328.52400479320045,-4.1798998431681555,28.361149625837992,128.50679062798315,-8.074453925880162,-9.633579809386193,129.12009101471884,17.013081056237066,6.590189299424286,-25.62614053878451,60.66690129940647,520.0,-457.62048731825917,20.441705291810642,-27.86149561105442,-29.999999999999996,10196.81347339233,0.37980030170224344,129.20241007059184,3.611970246264055,1.2216681202561386,100984.7568644202,287.96565252743204,-0.10114574227902196,-0.1349178589895554,-0.13488317908401584,401.3597368421053,0.21540685836549975,0.86,nominal,8614.126819802861,nan,pitch_program,11.545,0.0,0.0
2.94,332.36606745023704,-4.404584040547674,28.040173001740282,128.06875523455224,-7.489473245983954,-10.699220803256981,128.73294684200624,17.006618850486102,21.433076556173972,-11.168310038700076,58.58683943642709,520.0,-490.62048731825917,53.44170529181064,-34.764795740047276,-29.999999999999996,10136.01539445204,0.37865912744722663,128.81466620998023,3.347599884512333,1.221705790097393,100988.602375059,287.9677388754887,-0.10114574227902196,-0.1349178589895554,-0.13488317908401584,401.3257894736842,0.21538863905920136,0.86,nominal,8561.06596388092,nan,pitch_program,11.53,0.0,0.0
2.9699999999999998,336.1966636507996,-4.604638682374474,27.698757392164737,127.68654001875343,-6.668488060893318,-11.380520319184855,128.3660292979197,17.000157191314326,36.58666985410877,3.515069822786119,53.37274504871171,520.0,-520.0,86.44170529181064,-35.0,-29.999999999999996,10078.697494462622,0.3775793277686038,128.44782803313723,3.2502893704997384,1.221745859634838,100992.69288830068,287.9699580769509,-0.10114574227902196,-0.1349178589895554,-0.13488317908401584,401.29184210526313,0.215370419752903,0.86,nominal,8510.550758037063,nan,pitch_program,11.515,0.0,0.0
3.0,340.0183665995423,-4.777478041628893,27.34673185218961,127.39009829142239,-5.761311975147308,-11.734184665837608,128.05905258178825,16.99369607872174,53.61018870990117,16.881445601786083,44.867870226677645,520.0,-520.0,119.44170529181065,-34.32559533776917,-29.999999999999996,10031.005525323355,0.37667705823421643,128.14139616451723,3.19480727825557,1.2217871754375875,100996.91065999592,287.97224624296075,-0.10114574227902196,-0.1349178589895554,-0.13488317908401584,401.2578947368421,0.21535220044660466,0.86,nominal,8467.74030199088,nan,pitch_program,11.5,0.0,0.0
3.03,343.83383299147323,-4.9240907129539515,26.994148118525988,127.18221306436466,-4.887089044168624,-11.752791122120712,127.817553796164,16.98723551270834,73.987656857391,27.74924796315029,32.137361034146345,520.0,-520.0,152.44170529181062,-30.940809295020298,-29.999999999999996,9993.70986478079,0.37596829319701247,127.90079102588427,3.2085567380683258,1.2218285578246737,101001.13526262475,287.97453803722954,-0.10114574227902196,-0.1349178589895554,-0.13488317908401584,401.223947368421,0.21533398114030627,0.86,nominal,8433.385691864183,nan,pitch_program,11.485,0.0,0.0
3.06,347.64575505319186,-5.048286811671437,26.649676074199935,127.06406872395523,-4.1398699572495055,-11.48240147753507,127.64897816919748,16.980775493274134,98.41859179521636,34.27104018703686,14.934613659461958,520.0,-512.459269230565,185.44170529181062,-26.8160454664639,-29.999999999999996,9967.883550310804,0.37547450753221784,127.73330647519616,3.262127501201765,1.2218689891867636,101005.26281046092,287.97677710551767,-0.10114574227902196,-0.1349178589895554,-0.13488317908401584,401.19,0.21531576183400794,0.86,nominal,8408.474859693179,nan,pitch_program,11.47,0.0,0.0
3.09,351.4563325640307,-5.156827112052727,26.320503581883553,127.01925036129447,-3.6180100127096844,-10.972416410546094,127.54361560142355,16.974316020419113,124.75802065173643,35.06852503743102,-3.9946946664924443,520.0,-479.459269230565,218.4417052918106,-23.374493242544457,-29.999999999999996,9951.936118389094,0.3751667047149381,127.62906864434831,3.321516550903095,1.2219076257666637,101009.20716296179,287.9789167267177,-0.10114574227902196,-0.1349178589895554,-0.13488317908401584,401.156052631579,0.21529754252770958,0.86,nominal,8391.802906793126,nan,pitch_program,11.455,0.0,0.0
3.12,355.266668009794,-5.25921034649492,26.011165945031575,127.01118152544305,-3.412774481406435,-10.311254561732618,127.47473958705244,16.967857094143284,149.5964751670394,30.402143255249047,-21.149796644985827,520.0,-446.45926923056504,251.4417052918106,-21.255202111693226,-29.999999999999996,9941.642146173597,0.3749657440445971,127.5611485600972,3.447275824917318,1.2219439350847638,101012.91395538591,287.98092742135725,-0.10114574227902196,-0.1349178589895554,-0.13488317908401584,401.1221052631579,0.21527932322141122,0.86,nominal,8379.987016908262,nan,pitch_program,11.44,0.0,0.0
3.15,359.0763064998103,-5.365849425657587,25.723120819356424,126.98794966721012,-3.5546359720889042,-9.601504189171694,127.4000144437615,16.96139871444664,170.9226181404547,21.62857321993854,-34.33624562856842,520.0,-413.45926923056504,277.7558235614043,-20.96237335993324,-29.999999999999996,9930.371331984528,0.3747467321798166,127.48705643054092,3.5399815231686316,1.2219777458805552,101016.36569871777,287.9827997146742,-0.10114574227902196,-0.1349178589895554,-0.13488317908401584,401.08815789473687,0.21526110391511288,0.86,nominal,8367.639482918461,nan,pitch_program,11.425,0.0,0.0
3.1799999999999997,362.8836032951026,-5.4875244461286785,25.45353738649028,126.90989317641005,-4.055834015703053,-8.98611442887149,127.29226617567745,16.95494088132919,-171.10574714526638,9.71752745040512,-43.40125839367118,520.0,-402.5253693980735,295.11494619140564,-22.15578375316871,-29.999999999999996,9913.87005310596,0.37442925751606726,127.37944059128984,3.5939037328789487,1.2220093902874356,101019.59629578791,287.98455200698777,-0.10114574227902196,-0.1349178589895554,-0.13488317908401584,401.0542105263158,0.2152428846088145,0.86,nominal,8351.274446480984,nan,pitch_program,11.410000000000002,0.0,0.0
3.21,366.6861242116648,-5.633346399401384,25.195134502062743,126.75069721873867,-4.860731775756873,-8.61342948091787,127.13597888188443,16.948483594790925,-155.3716718850748,-4.659983703094286,-48.55599396981988,520.0,-415.1769056374016,307.5268461322803,-24.219887615081326,-29.999999999999996,9889.728646215037,0.3739673587973531,127.22267536557682,3.6126807435127,1.2220397228808157,101022.69298745802,287.9862316257366,-0.10114574227902196,-0.1349178589895554,-0.13488317908401584,401.0202631578947,0.21522466530251613,0.86,nominal,8328.858428892134,nan,pitch_program,11.395000000000001,0.0,0.0
3.2399999999999998,370.4811920321256,-5.808763795100209,24.937138475284108,126.50226068202706,-5.847246523294129,-8.599867559287823,126.9289957874283,16.94202685483185,-140.07746909662762,-20.89377181797816,-49.4981866547083,520.0,-448.1769056374016,319.9876327431644,-26.476884846473986,-29.999999999999996,9857.650019182132,0.37335464679500696,127.01460222180818,3.6072135057660013,1.2220700082898932,101025.78488004336,287.9879085999106,-0.10114574227902196,-0.1349178589895554,-0.13488317908401584,400.9863157894737,0.21520644599621777,0.86,nominal,8300.034774831141,nan,pitch_program,11.38,0.0,0.0
3.27,374.2663966499729,-6.014287834215925,24.667167668988203,126.17348726157621,-6.850801303857208,-8.99902687653023,126.67937815989065,16.935570661451962,-122.23326892389527,-37.7433461716324,-44.77397982021202,520.0,-481.1769056374016,337.5766895630147,-28.86394949749353,-29.999999999999996,9818.951100888975,0.3726151062163577,126.76339800664998,3.555245483879684,1.2221016999985719,101029.02036359454,287.98966341015154,-0.10114574227902196,-0.1349178589895554,-0.13488317908401584,400.9523684210526,0.2151882266899194,0.86,nominal,8265.734705309373,nan,pitch_program,11.365,0.0,0.0
3.3,378.04008532264163,-6.245070224247229,24.373741807593806,125.78962242229242,-7.692746334376794,-9.780862046479925,126.40361038229973,16.929115014651263,-95.63901261013628,-52.92659921117796,-29.363662717522928,520.0,-514.1769056374017,364.2374713986931,-31.466763173028657,-29.999999999999996,9776.264950800814,0.37179781413392515,126.48577464932369,3.4975828461019276,1.2221361457949476,101032.53704101025,287.99157067825064,-0.10114574227902196,-0.1349178589895554,-0.13488317908401584,400.9184210526316,0.21517000738362105,0.86,nominal,8227.961113937556,nan,pitch_program,11.35,0.0,0.0
3.33,381.80104294457294,-6.491623077430036,24.048206002354856,125.36525406437734,-8.218428439426923,-10.851193507964961,126.10209313563023,16.922659914429754,-52.42335704339802,-60.229468377574676,3.499874604083767,520.0,-520.0,397.23747139869306,-35.0,-29.999999999999996,9729.730052848101,0.3709047205213787,126.18240737445399,3.425039984265639,1.2221743619052376,101036.43866863566,287.9936866609847,-0.10114574227902196,-0.1349178589895554,-0.13488317908401584,400.8844736842105,0.2151517880773227,0.86,nominal,8186.701285986574,nan,pitch_program,11.335,0.0,0.0
3.36,385.54840862032586,-6.741174637350701,23.68700996409723,124.9121891917647,-8.318385330688836,-12.039867941920928,125.76648585075411,16.916205360787433,-7.9917785312990075,-53.08833939808514,37.75370419507738,520.0,-520.0,430.23747139869306,-35.0,-29.999999999999996,9678.142837144427,0.3699122169080291,125.84526893528867,3.4106503735862876,1.2222167654003684,101040.767835809,287.99603443523335,-0.10114574227902196,-0.1349178589895554,-0.13488317908401584,400.85052631578947,0.21513356877102435,0.86,nominal,8140.8946978883805,nan,pitch_program,11.32,0.0,0.0
3.3899999999999997,389.2819109395852,-6.981648619992828,23.29185722160836,124.45007730864424,-8.015799421404223,-13.171758082962251,125.40163473211899,16.909751353724303,19.55879646704588,-36.34901269064964,54.630663950080056,520.0,-520.0,463.23747139869306,-35.0,-29.999999999999996,9622.312880575597,0.3688350794897272,125.47938302741615,3.3949302567760378,1.2222631566152977,101045.50416800007,287.99860292805954,-0.10114574227902196,-0.1349178589895554,-0.13488317908401584,400.81657894736844,0.215115349464726,0.86,nominal,8091.200088366182,nan,pitch_program,11.305,0.0,0.0
3.42,393.0017612411324,-7.202816917782055,22.869473926750633,123.99501005157202,-7.372276592974247,-14.079443161924301,125.00937444688947,16.90329789324036,37.77598732403791,-15.923257551026703,60.68629777417924,520.0,-520.0,496.23747139869306,-35.0,-29.999999999999996,9562.571865235748,0.36767911228394506,125.08671391227433,3.3715963976995633,1.2223127462061139,101050.567086541,288.0013484194761,-0.10114574227902196,-0.1349178589895554,-0.13488317908401584,400.78263157894736,0.21509713015842763,0.86,nominal,8037.94477628508,nan,pitch_program,11.29,0.0,0.0
3.4499999999999997,396.7086672368839,-7.398373238835084,22.430391345291167,123.5635331917179,-6.518544035100961,-14.636086048648862,124.59796613902562,16.896844979335608,53.262904883439624,5.676442065624583,60.490845419282216,520.0,-520.0,520.0,-35.0,-29.999999999999996,9500.208224328504,0.36646867213361034,124.6755324178291,3.3322512708683907,1.2223642979956963,101055.83038967202,288.0042024562556,-0.10114574227902196,-0.1349178589895554,-0.13488317908401584,400.74868421052633,0.21507891085212927,0.86,nominal,7982.293580277186,nan,pitch_program,11.275,0.0,0.0
3.48,400.40384001933916,-7.567308422500364,21.986797741160334,123.17242608184206,-5.631172788842681,-14.7864534710277,124.18452343233241,16.890392612010043,70.44161761863192,26.1323989592032,54.484160739945494,520.0,-502.3518462507336,520.0,-35.0,-29.999999999999996,9437.818986114684,0.36525375391078396,124.26282968189015,3.287053623499381,1.2224163811042978,101061.14799205406,288.00708581468245,-0.10114574227902196,-0.1349178589895554,-0.13488317908401584,400.71473684210525,0.2150606915458309,0.86,nominal,7926.514760126109,nan,pitch_program,11.26,0.0,0.0
3.51,404.08873985464464,-7.7140332668239955,21.549961335417844,122.82999451018264,-4.89082814412104,-14.561213524749618,123.78673875104788,16.88394079126367,94.08086688653178,43.24285922907608,40.3971300481923,520.0,-469.3518462507337,520.0,-35.0,-29.999999999999996,9378.04029594471,0.36408573352076273,123.86606853231795,3.2581839025902535,1.2224676724974322,101066.38481357711,288.00992525131977,-0.10114574227902196,-0.1349178589895554,-0.13488317908401584,400.6807894736842,0.21504247223953252,0.86,nominal,7872.911273640064,nan,pitch_program,11.245000000000001,0.0,0.0
3.54,407.7646153689038,-7.847528432143418,21.12818381134472,122.52918380863859,-4.449838843980751,-14.059250802437512,123.41338859165315,16.877489517096482,129.4846633436333,52.90593149477015,13.9548981192162,520.0,-436.3518462507337,520.0,-35.0,-27.82261349637743,9322.124128241518,0.3629896075121072,123.49374187619253,3.165198617036873,1.2225171973057534,101071.44131680587,288.0126668052262,-0.10114574227902196,-0.1349178589895554,-0.13488317908401584,400.64684210526315,0.21502425293323418,0.86,nominal,7822.628945610715,nan,pitch_program,11.23,0.0,0.0
3.57,411.43301671709776,-7.9786975001396545,20.724397257823014,122.28004493979913,-4.372302266541192,-13.45955178405684,123.0962467007707,16.871038789508486,169.6747558153483,50.33425541754659,-17.23005894395769,520.0,-403.3518462507337,520.0,-35.0,-23.697932469879106,9274.77739558406,0.3620579578809519,123.17734391036721,3.0722122610528877,1.2225646110655735,101076.28232621528,288.01529141782413,-0.10114574227902196,-0.1349178589895554,-0.13488317908401584,400.61289473684207,0.21500603362693582,0.86,nominal,7779.579886276932,nan,pitch_program,11.215,0.0,0.0
3.5999999999999996,415.0951048266966,-8.117393730337184,20.3370577724294,122.06960365329564,-4.623207673250973,-12.911316179787104,122.83755236391325,16.864588608499677,-160.63595750935886,38.09423535033245,-37.34965612790048,520.0,-370.3518462507337,520.0,-35.0,-20.377699435870984,9236.253194450517,0.36129694410076274,122.91897328547194,2.9993488308682066,1.2226100948861123,101080.92632765492,288.0178091244792,-0.10114574227902196,-0.1349178589895554,-0.13488317908401584,400.57894736842104,0.21498781432063746,0.86,nominal,7743.970542982559,nan,pitch_program,11.2,0.0,0.0
3.63,418.7515869595567,-8.272154843489613,19.961172159932634,121.88273776200104,-5.1587037717476125,-12.529520416558857,122.63361232074314,16.85813897407006,-140.32538520897495,21.60795182137557,-46.88868166186684,520.0,-346.7821993181904,520.0,-35.0,-18.07810323176185,9205.93428167321,0.360695419241479,122.71484544231636,2.94689057677742,1.2226542349590788,101085.43316822764,288.0202523809604,-0.10114574227902196,-0.1349178589895554,-0.13488317908401584,400.545,0.21496959501433913,0.86,nominal,7715.253664379365,nan,pitch_program,11.185,0.0,0.0
3.6599999999999997,422.4027912036339,-8.449166789097518,19.58885107610204,121.70680813590796,-5.9003981869301985,-12.410702794353206,122.48015100106959,16.851689886219628,-124.22009842392391,3.3420538269489013,-49.63331552868307,520.0,-349.2905682128853,520.0,-35.0,-17.054257396401553,9183.142789486797,0.36024069404320785,122.56065493717396,2.9127604417244624,1.2226979576529524,101089.89743076976,288.02267246800534,-0.10114574227902196,-0.1349178589895554,-0.13488317908401584,400.51105263157893,0.21495137570804074,0.86,nominal,7692.79470102786,nan,pitch_program,11.17,0.0,0.0
3.69,426.0488925597862,-8.651268236321185,19.21002304366247,121.53671187174352,-6.73671490745554,-12.627601081318916,122.37651723026138,16.845241344948388,-108.4843661727366,-15.282466311616407,-46.552934960207644,516.8189741034524,-374.1575108860669,520.0,-35.0,-17.703813897033008,9167.768341921084,0.35993092304027335,122.45578846989298,2.8917539616732046,1.2227424457034728,101094.43987779846,288.02513485021615,-0.10114574227902196,-0.1349178589895554,-0.13488317908401584,400.4771052631579,0.2149331564017424,0.86,nominal,7676.391957185364,nan,pitch_program,11.155,0.0,0.0
3.7199999999999998,429.69012791907824,-8.876933277323113,18.813855498410906,121.3745119764008,-7.5221680333976,-13.205584841718814,122.32229003924004,16.838793350256335,-89.05336103038627,-32.29614907281115,-36.18884595341829,509.4644503184688,-407.1575108860669,520.0,-35.0,-20.353328461453557,9159.759412444311,0.35976521872754597,122.39995966207974,2.8916764195675877,1.222788971361767,101099.19041606554,288.0277099392603,-0.10114574227902196,-0.1349178589895554,-0.13488317908401584,400.4431578947368,0.21491493709544401,0.86,nominal,7665.872216245472,nan,pitch_program,11.14,0.0,0.0
3.75,433.32674301888926,-9.120011140875064,18.390784027694593,121.22050332703432,-8.1025954517317,-14.102382357210471,122.30674416426481,16.832345902143473,-61.05277124999579,-43.89955518994998,-15.251679531158237,500.37620104793723,-440.15751088606686,520.0,-30.518125728119905,-25.019943378262194,9157.543671549629,0.3597126771698929,122.38266810463998,3.132393528350492,1.2228386580949469,101104.26376522258,288.03045990382,-0.10114574227902196,-0.1349178589895554,-0.13488317908401584,400.4092105263158,0.21489671778914568,0.86,nominal,7659.821816216653,nan,pitch_program,11.125,0.0,0.0
3.78,436.9579918394984,-9.371981804811734,17.933265385662413,121.04162735363712,-8.399022131222287,-15.250621401072713,122.28736884198781,16.825899000609798,-25.87762742559067,-44.33183799739761,13.709750334666843,495.8201201472189,-473.15751088606686,520.0,-26.726387240151446,-29.999999999999996,9154.78794248132,0.3596487914593861,122.36156436882723,3.3974219985662644,1.2228923921415522,101109.75042677851,288.03343377499317,-0.10114574227902196,-0.1349178589895554,-0.13488317908401584,400.3752631578947,0.21487849848284732,0.86,nominal,7652.965546142493,nan,pitch_program,11.11,0.0,0.0
3.81,440.58263418180917,-9.6209260442461,17.437829037382517,120.82141141036017,-8.298141314478897,-16.51454494266321,122.22684974722131,16.819452645655314,3.3312910026742633,-32.536564860102324,36.58796683657972,495.93381203013666,-506.15751088606686,520.0,-24.96679430107562,-29.999999999999996,9145.955996352259,0.3594647049713159,122.29961719076151,3.441160062326301,1.222950581534081,101115.6920774836,288.036654111257,-0.10114574227902196,-0.1349178589895554,-0.13488317908401584,400.34131578947364,0.21486027917654893,0.86,nominal,7640.708085694355,nan,pitch_program,11.095,0.0,0.0
3.84,444.20055801651904,-9.854679494270066,16.90813965467734,120.59746115699654,-7.791781667465478,-17.656312756839277,122.13191589111368,16.813006837280017,23.146908578124812,-14.079701299008006,48.9279917031621,497.8858596026637,-520.0,520.0,-27.033486105184778,-29.999999999999996,9132.10309814665,0.3591810877940646,122.20385331590667,3.373315183618936,1.2230127963156732,101122.04482943087,288.0400970922446,-0.10114574227902196,-0.1349178589895554,-0.13488317908401584,400.3073684210526,0.2148420598702506,0.86,nominal,7623.914647361575,nan,pitch_program,11.080000000000002,0.0,0.0
3.8699999999999997,447.8114341856664,-10.063748243074556,16.354543972686596,120.36253897158002,-6.968958293483024,-18.453189399691464,121.96814078439628,16.80656157548391,38.46459373373052,6.888856729511712,54.20872514760054,502.2198758405706,-520.0,520.0,-34.59640326937894,-29.999999999999996,9108.116083615547,0.35869727657070477,122.0400089572771,3.2024230329592855,1.2230778216045504,101128.68464346122,288.0436954641775,-0.10114574227902196,-0.1349178589895554,-0.13488317908401584,400.2734210526316,0.21482384056395223,0.86,nominal,7598.496971850902,nan,pitch_program,11.065000000000001,0.0,0.0
3.9,451.41446493009323,-10.245665490240237,15.792482015430712,120.1010248142262,-6.063908238855989,-18.735398575196122,121.70473410811965,16.800116860266993,53.740410525584664,28.49452342594303,53.77487364051905,507.6778275186141,-520.0,520.0,-35.0,-29.999999999999996,9069.424405370459,0.357922654592514,121.77723065672305,3.2494080559300214,1.223143844047074,101135.42636296862,288.04734886689965,-0.10114574227902196,-0.1349178589895554,-0.13488317908401584,400.2394736842105,0.21480562125765387,0.86,nominal,7560.892495920675,nan,pitch_program,11.05,0.0,0.0
3.9299999999999997,455.0082147244298,-10.403310495063021,15.233727552842446,119.79165981121871,-5.254833494092804,-18.625148752942227,121.34476173880196,16.793672691629265,74.84602908076178,48.93835745791655,44.67046466341796,513.4598629414709,-520.0,520.0,-35.0,-29.999999999999996,9016.51455632898,0.35686526537863483,121.41823701813169,3.328570182741676,1.2232094806781737,101142.12877104858,288.0509807709065,-0.10114574227902196,-0.1349178589895554,-0.13488317908401584,400.2055263157895,0.21478740195135554,0.86,nominal,7511.667435029391,nan,pitch_program,11.035,0.0,0.0
3.96,458.5909560504366,-10.544562195023964,14.687898809707416,119.42471086689208,-4.708389998698122,-18.194291437834295,120.89442808891344,16.787229069570724,114.33028159439849,63.40499201589275,16.18143935019156,519.2175356622508,-497.16426969000986,520.0,-35.0,-29.999999999999996,8950.380562512464,0.3555425873549646,120.96895995347336,3.3634760779597164,1.223273601532705,101148.67647897273,288.05452865773685,-0.10114574227902196,-0.1349178589895554,-0.13488317908401584,400.1715789473684,0.21476918264505715,0.86,nominal,7451.77045433495,nan,pitch_program,11.02,0.0,0.0
3.9899999999999998,462.1615152356625,-10.680776727049388,14.159842625184094,119.01863950752893,-4.540484400847424,-17.60187281744406,120.39883087264154,16.78078599409137,170.54711500072557,61.78979260805256,-29.17625033757661,520.0,-464.16426969000986,520.0,-35.0,-29.999999999999996,8877.76383322913,0.35408625810294037,120.47417972969009,3.3491078567284154,1.223335637015375,101155.01131567966,288.0579610229363,-0.10114574227902196,-0.1349178589895554,-0.13488317908401584,400.1376315789474,0.21475096333875882,0.86,nominal,7386.799858429733,nan,pitch_program,11.005,0.0,0.0
4.02,465.71950931957485,-10.824068924489936,13.648763009387803,118.59980279707968,-4.776406581351588,-17.035987193209717,119.91226852571747,16.77434346519121,-154.9477007618142,46.873005400245866,-52.263723719850425,520.0,-431.1642696900099,520.0,-35.0,-26.740969884559536,8806.678595542431,0.35265511714178277,119.98794072155583,3.2693341076095077,1.2233956804006143,101161.1427985646,288.061283040439,-0.10114574227902196,-0.1349178589895554,-0.13488317908401584,400.10368421052635,0.21473274403246045,0.86,nominal,7323.324713257899,nan,pitch_program,10.99,0.0,0.0
4.05,469.26558334663747,-10.98365347642051,13.149475105615421,118.2024675687531,-5.319485064352467,-16.642930125746087,119.48685025500698,16.767901482870233,-134.9246399363635,28.451091901157056,-59.557304297184515,520.0,-398.1642696900099,520.0,-35.0,-18.615938538345972,8744.725708808368,0.35140210146070094,119.5622861672791,3.090635822368024,1.2234543406322205,101167.13310548582,288.06452841181346,-0.10114574227902196,-0.1349178589895554,-0.13488317908401584,400.06973684210527,0.2147145247261621,0.86,nominal,7267.505991975715,nan,pitch_program,10.975,0.0,0.0
4.08,472.8017034152911,-11.16467840406766,12.654974229689223,117.87066895512147,-6.034164254904959,-16.483362530873237,119.17049541940825,16.76146004712845,-119.43060918586596,9.336122314390234,-59.704769107692314,517.9943539723537,-388.4082505704349,520.0,-35.0,-12.303993574601517,8698.820437377837,0.3504682716762216,119.24522190911213,2.9387678565008573,1.2235124405674296,101173.06626218712,288.067742667507,-0.10114574227902196,-0.1349178589895554,-0.13488317908401584,400.0357894736842,0.2146963054198637,0.86,nominal,7224.906392283185,nan,pitch_program,10.96,0.0,0.0
4.109999999999999,476.3299645752288,-11.36984196258949,12.156968968519172,117.60870533125588,-6.83878528406102,-16.600175372335087,118.97118296565746,16.75501915796585,-104.2287485569058,-9.293134176316428,-54.441991767823204,509.79032955511246,-401.63349771295384,520.0,-35.0,-8.889950047084705,8670.013772162181,0.3498771600355102,119.04476773557012,2.7985057536068925,1.2235709543733866,101179.04175021764,288.07097970170463,-0.10114574227902196,-0.1349178589895554,-0.13488317908401584,400.0018421052631,0.21467808611356534,0.86,nominal,7196.290327859101,nan,pitch_program,10.945,0.0,0.0
4.14,479.85278521590317,-11.59880562145644,11.64639279653521,117.42735468914486,-7.63212196223171,-17.019205732798717,118.8994797243114,16.748578815382444,-85.79377041603858,-25.72833507615581,-42.513437959679855,495.98280989953645,-434.6334977129538,520.0,-35.0,-9.243375691392705,8659.781111965645,0.3496600441178314,118.9715799303462,2.671839147181088,1.2236309474381923,101185.16837134518,288.0742984468225,-0.10114574227902196,-0.1349178589895554,-0.13488317908401584,399.9678947368421,0.214659866807267,0.86,nominal,7182.755237274112,nan,pitch_program,10.93,0.0,0.0
4.17,483.3728605346189,-11.847463538019868,11.114314242711973,117.3358439571917,-8.288597218780945,-17.735951794107894,118.95782911201995,16.742139019378225,-60.735887210160186,-36.558827851104304,-21.955118284112693,478.9353783541581,-467.6334977129538,520.0,-29.75069555808558,-13.646137805604434,8668.477291164698,0.3498245278290358,119.02825989304665,2.8326133405757816,1.2236934694427053,101191.55332835425,288.07775695742237,-0.10114574227902196,-0.1349178589895554,-0.13488317908401584,399.93394736842106,0.21464164750096865,0.86,nominal,7184.476743290562,nan,pitch_program,10.915000000000001,0.0,0.0
4.2,486.8917985902445,-12.10917663626406,10.552118914968448,117.29793518751919,-8.723769941473044,-18.7398442581175,119.10537991235198,16.735699769953197,-30.640581402530284,-37.23143654189576,4.688987664065606,466.05833430851044,-500.6334977129538,520.0,-20.361346448950897,-21.633490882482942,8690.196170654008,0.3502508206511061,119.17406244652584,3.305081680521361,1.2237595329805373,101198.30004192538,288.0814112270527,-0.10114574227902196,-0.1349178589895554,-0.13488317908401584,399.9,0.21462342819467028,0.86,nominal,7196.526698990325,nan,pitch_program,10.9,0.0,0.0
4.2299999999999995,490.40938247302165,-12.37385699520584,9.95210995203782,117.25279609257188,-8.822678631392629,-20.00029876435428,119.27308917112235,16.729261067107355,-4.660820658085521,-27.136696777379843,27.41679760572729,459.26249065113154,-520.0,520.0,-13.12656021439367,-29.999999999999996,8714.930198912174,0.3507364299248613,119.34010050184963,3.311826456961154,1.2238300430062368,101205.50094578549,288.0853112853117,-0.10114574227902196,-0.1349178589895554,-0.13488317908401584,399.86605263157895,0.21460520888837192,0.86,nominal,7210.6317592724035,nan,pitch_program,10.885,0.0,0.0
4.26,493.9268226277947,-12.625831207791745,9.316951397423319,117.24800515910113,-8.399140419530182,-21.171951820483354,119.4399088138653,16.722822910840705,13.899585474096693,-10.553072006719932,42.18546433483317,459.3839829721512,-520.0,520.0,-10.005069987732222,-29.999999999999996,8739.706840804718,0.3512214223759945,119.50597829743907,3.07850972989571,1.2239046870210137,101213.12414346072,288.0894398159167,-0.10114574227902196,-0.1349178589895554,-0.13488317908401584,399.83210526315787,0.21458698958207356,0.86,nominal,7224.313990153771,nan,pitch_program,10.870000000000001,0.0,0.0
4.29,497.4453284336533,-12.855127870210115,8.658038726926197,117.28352686195228,-7.643222080612332,-21.963755683237387,119.56693138432877,16.71638530115324,27.818456106543472,9.234011215611932,50.99284061820085,462.7697080589848,-520.0,520.0,-14.157608016969293,-29.999999999999996,8758.837925261765,0.3515918849823834,119.63292050890338,3.4598682056616665,1.2239821263070019,101221.03293031883,288.09372274827496,-0.10114574227902196,-0.1349178589895554,-0.13488317908401584,399.79815789473685,0.2145687702757752,0.86,nominal,7233.031895813803,nan,pitch_program,10.855,0.0,0.0
4.32,500.9594936605169,-13.055208079462293,7.98255083572886,117.13884089545306,-6.669340308405927,-22.516263039911227,119.46953690276892,16.70994823804497,40.270106906351046,30.48796833437717,55.34021872404187,467.48112548885257,-520.0,520.0,-32.37417072076911,-29.999999999999996,8745.209163364367,0.35130416957218336,119.53593312488793,3.2209018586239693,1.2240615175012934,101229.14118542474,288.09811341956777,-0.10114574227902196,-0.1349178589895554,-0.13488317908401584,399.7642105263158,0.21455055096947687,0.86,nominal,7214.767206034234,nan,pitch_program,10.84,0.0,0.0
4.35,504.4658090326093,-13.229481315963605,7.30720972763658,116.87717906974582,-5.809107883377099,-22.511370269742685,119.16703618502727,16.703511721515884,55.3140816336464,52.09760848086534,53.94590757585248,472.63100614106145,-520.0,520.0,-35.0,-29.999999999999996,8701.702777655291,0.350415200237237,119.23435781174342,3.2886511519293906,1.2241408953821495,101237.2482043622,288.10250313677034,-0.10114574227902196,-0.1349178589895554,-0.13488317908401584,399.7302631578947,0.21453233166317848,0.86,nominal,7172.050504837327,nan,pitch_program,10.825,0.0,0.0
4.38,507.9606599659057,-13.384967250931014,6.641965883195193,116.49503110988036,-5.182864498913613,-22.17479481471287,118.69994053402347,16.69707575156599,86.46169477368642,71.62116257283985,35.105538690621465,477.8026912338942,-500.1596577336697,520.0,-35.0,-29.999999999999996,8634.360885000413,0.34904287962380337,118.76829512427076,3.393287342136295,1.2242190903063033,101245.23452638154,288.1068272217592,-0.10114574227902196,-0.1349178589895554,-0.13488317908401584,399.69631578947366,0.21451411235688012,0.86,nominal,7109.97337611879,nan,pitch_program,10.81,0.0,0.0
4.41,511.44069627216857,-13.531585388766077,5.992367234436275,116.00121020876256,-4.887271261168726,-21.65328829196396,118.10601629101147,16.690640328195283,174.71137545819295,75.00614438959957,-41.06636570601175,483.7048887050622,-467.1596577336697,520.0,-35.0,-29.999999999999996,8548.87784727259,0.3472973856380601,118.17522447130611,3.425267069265561,1.224295449930737,101253.03351847452,288.11104961297616,-0.10114574227902196,-0.1349178589895554,-0.13488317908401584,399.66236842105263,0.21449589305058178,0.86,nominal,7033.280590205919,nan,pitch_program,10.795,0.0,0.0
4.4399999999999995,514.9040125756766,-13.680784454533585,5.358996862283847,115.44387678359953,-4.973302192250254,-21.11234573841425,117.46383938940824,16.684205451403766,-143.91371883932467,58.105289747369675,-69.80212893062645,490.82544750324035,-434.1596577336697,520.0,-35.0,-29.30885182330261,8456.794029281213,0.34540890234432853,117.53346812244685,3.4098372441201357,1.2243699054469435,101260.63814448367,288.1151665203951,-0.10114574227902196,-0.1349178589895554,-0.13488317908401584,399.62842105263155,0.2144776737442834,0.86,nominal,6951.4305886298625,nan,pitch_program,10.780000000000001,0.0,0.0
4.47,518.3501884652882,-13.842720228013215,4.738006695717871,114.87252965372008,-5.3978591159876945,-20.699672218865864,116.8473850030429,16.677771121191437,-126.26728800366283,38.90657547305277,-73.56804766851563,495.5922717424457,-401.15965773366975,520.0,-35.0,-16.101934091529618,8368.794925735318,0.3435944369075445,116.91687274722119,3.177999505056196,1.2244429089778035,101268.09457529166,288.1192029564778,-0.10114574227902196,-0.1349178589895554,-0.13488317908401584,399.5944736842105,0.21445945443798506,0.86,nominal,6873.11966438723,nan,pitch_program,10.765000000000002,0.0,0.0
4.5,521.7822668859824,-14.022405991704128,4.124711582401595,114.40261402313972,-5.989525456363743,-20.443170443875886,116.3690497010149,16.6713373375583,-112.98055245000852,19.886836645383394,-70.78909476663227,491.68925707883153,-390.61029433190686,520.0,-35.0,-5.099988637243851,8300.873357508246,0.34218483921760906,116.43802627219883,3.0057273107475724,1.2245150111474972,101275.45904545346,288.12318937471434,-0.10114574227902196,-0.1349178589895554,-0.13488317908401584,399.56052631578945,0.21444123513168667,0.86,nominal,6811.3274669981965,nan,pitch_program,10.75,0.0,0.0
4.53,525.2033577375623,-14.223565202474667,3.5136325029824693,114.03636171933134,-6.7053070256846645,-20.369302647304185,116.03517323134544,16.664904100504348,-100.02721253644663,1.795140073448406,-63.67568247660151,479.4879191658442,-402.24881087264214,520.0,-35.0,2.1489569541094546,8253.698482452572,0.3411987535327189,116.10328313431482,2.8508952316937624,1.2245868560192268,101282.7973367105,288.1271613887306,-0.10114574227902196,-0.1349178589895554,-0.13488317908401584,399.5265789473684,0.21442301582538834,0.86,nominal,6766.537677599546,nan,pitch_program,10.735,0.0,0.0
4.56,528.6169882201593,-14.44840114751003,2.8978358917406837,113.78768275323333,-7.494531501178774,-20.526553708059513,115.8669243395305,16.658471410029588,-84.96677106664785,-14.139384134407118,-51.51881013879548,460.063307690321,-434.3308487688363,520.0,-35.0,4.190019851552307,8230.107863522362,0.34069836140838083,115.93381472204223,2.6725012825904306,1.2246592587957443,101290.19271514063,288.13116406670366,-0.10114574227902196,-0.1349178589895554,-0.13488317908401584,399.4926315789474,0.21440479651909,0.86,nominal,6740.990140298982,nan,pitch_program,10.72,0.0,0.0
4.59,532.0275132878268,-14.696322762082897,2.269501652747842,113.68416892224705,-8.264053819095555,-20.94447463309473,115.89243230997984,16.652039266134015,-65.67694213862481,-25.582699231636788,-33.23670549692047,435.21483517366056,-467.33084876883635,520.0,-31.520971093634145,0.38957318858435996,8234.015480651076,0.34076653902512194,115.95783622181784,2.623044379232029,1.2247331390693825,101297.73911426798,288.1352482392571,-0.10114574227902196,-0.1349178589895554,-0.13488317908401584,399.4586842105263,0.2143865772127916,0.86,nominal,6737.784141744549,nan,pitch_program,10.705,0.0,0.0
4.62,535.4390895364576,-14.963545369004667,1.6196004298053235,113.71920828769541,-8.90742023072566,-21.663374098083946,116.10642637709822,16.645607668817632,-42.268574302134816,-29.364717057264972,-9.595806495014822,414.0314870382761,-500.3308487688363,520.0,-17.37885128821712,-8.533639260020003,8264.712197613508,0.34138799005183323,116.17015843417057,3.1271143047706422,1.2248095588014298,101305.54501543118,288.13947259720624,-0.10114574227902196,-0.1349178589895554,-0.13488317908401584,399.4247368421053,0.21436835790649328,0.86,nominal,6756.233977585214,nan,pitch_program,10.69,0.0,0.0
4.6499999999999995,538.8535945381996,-15.244085924040128,0.9368772443391056,113.81683339139992,-9.351351834515372,-22.757439515540597,116.44578308243743,16.639176618080437,-19.62171346891183,-24.01651713520056,13.968789514094931,399.11537029073514,-520.0,520.0,-5.191112186948205,-21.231978230894082,8313.344922013324,0.3423770880890468,116.50763357103556,2.5555075583933564,1.2248898418882217,101313.74566261383,288.14391029791176,-0.10114574227902196,-0.1349178589895554,-0.13488317908401584,399.3907894736842,0.2143501386001949,0.86,nominal,6788.997826069234,nan,pitch_program,10.675,0.0,0.0
4.68,542.2798366823185,-15.51821958085251,0.2271645590053918,114.20807147063151,-9.137788560412693,-23.657089511123793,116.98991688582826,16.632746113922433,-2.0161978977090405,-11.71844985551745,32.78787317645665,393.05924447096953,-520.0,520.0,4.22157636491902,-29.999999999999996,8391.64470748478,0.3439711878718837,117.05102738302621,2.527788458992686,1.2249733030038863,101322.27106864647,288.1485234303664,-0.10114574227902196,-0.1349178589895554,-0.13488317908401584,399.3568421052631,0.21433191929389653,0.86,nominal,6845.548049799074,nan,pitch_program,10.66,0.0,0.0
4.71,545.7170134085941,-15.772916051828247,-0.49198792753859977,114.57255754251838,-8.489882365857898,-23.971749551466385,117.36095526612768,16.626316156343616,10.77520279222524,3.8604813890561838,46.97865713377142,394.89693468586654,-487.00000000000006,520.0,9.198660135972801,-29.999999999999996,8445.186786391434,0.34506213376832257,117.42256961681427,2.8627188207701413,1.225000018124288,101325.0,288.15,-0.10114574227902196,-0.1349178589895554,-0.13488317908401584,399.3228947368421,0.2143136999875982,0.86,nominal,6881.972157079414,nan,pitch_program,10.645,0.0,0.0
