time_s,elevator_command_deg,aileron_command_deg,rudder_command_deg,elevator_deg,aileron_deg,rudder_deg,throttle,elevator_saturated,aileron_saturated,rudder_saturated,elevator_failed,aileron_failed,rudder_failed,elevator_raw_rad,aileron_raw_rad,rudder_raw_rad,elevator_effective_rad,aileron_effective_rad,rudder_effective_rad
0.0,-20.05352282957881,-0.0,0.0,-2.6999999999999997,0.0,0.0,0.86,0.0,0.0,0.0,0.0,0.0,0.0,-0.047123889803846894,0.0,0.0,-0.047123889803846894,0.0,0.0
0.03,-0.9410505850896078,-0.0,0.0,-1.6446303510537645,0.0,0.0,0.86,0.0,0.0,0.0,0.0,0.0,0.0,-0.028704214604118386,0.0,0.0,-0.028704214604118386,0.0,0.0
0.06,-0.2371095210404902,-0.0,0.0,-0.8001178530458001,0.0,0.0,0.86,0.0,0.0,0.0,0.0,0.0,0.0,-0.01396469093963735,0.0,0.0,-0.01396469093963735,0.0,0.0
0.09,-1.3623846531330042,-0.0,0.0,-1.1374779330981224,0.0,0.0,0.86,0.0,0.0,0.0,0.0,0.0,0.0,-0.01985273510134202,0.0,0.0,-0.01985273510134202,0.0,0.0
0.12,-2.3082488486728168,-0.0,0.0,-1.839940482442939,0.0,0.0,0.86,0.0,0.0,0.0,0.0,0.0,0.0,-0.03211301945936221,0.0,0.0,-0.03211301945936221,0.0,0.0
0.15,-2.4008222125663274,-0.0,0.0,-2.176469520516972,0.0,0.0,0.86,0.0,0.0,0.0,0.0,0.0,0.0,-0.03798655920232344,0.0,0.0,-0.03798655920232344,0.0,0.0
0.18,-2.2221904165164656,-0.0,0.0,-2.203902058116668,0.0,0.0,0.86,0.0,0.0,0.0,0.0,0.0,0.0,-0.03846534730561528,0.0,0.0,-0.03846534730561528,0.0,0.0
0.21,-2.28071261370667,-0.0,0.0,-2.2499883914706693,0.0,0.0,0.86,0.0,0.0,0.0,0.0,0.0,0.0,-0.039269705562814276,0.0,0.0,-0.039269705562814276,0.0,0.0
0.24,-2.5205062249143473,-0.0,0.0,-2.412299091536876,0.0,0.0,0.86,0.0,0.0,0.0,0.0,0.0,0.0,-0.042102561690186564,0.0,0.0,-0.042102561690186564,0.0,0.0
0.27,-2.70931166522786,-0.0,0.0,-2.5905066357514666,0.0,0.0,0.86,0.0,0.0,0.0,0.0,0.0,0.0,-0.04521287008862454,0.0,0.0,-0.04521287008862454,0.0,0.0
0.3,-2.7929791749776105,-0.0,0.0,-2.7119901592871525,0.0,0.0,0.86,0.0,0.0,0.0,0.0,0.0,0.0,-0.047333157561246286,0.0,0.0,-0.047333157561246286,0.0,0.0
0.32999999999999996,-2.8529393103879794,-0.0,0.0,-2.796559649947649,0.0,0.0,0.86,0.0,0.0,0.0,0.0,0.0,0.0,-0.04880917362000654,0.0,0.0,-0.04880917362000654,0.0,0.0
0.36,-2.938578086197335,-0.0,0.0,-2.881770711697461,0.0,0.0,0.86,0.0,0.0,0.0,0.0,0.0,0.0,-0.05029638720666096,0.0,0.0,-0.05029638720666096,0.0,0.0
0.39,-3.031393538028805,-0.0,0.0,-2.9715444074962676,0.0,0.0,0.86,0.0,0.0,0.0,0.0,0.0,0.0,-0.051863233780033935,0.0,0.0,-0.051863233780033935,0.0,0.0
0.42,-3.1064190154780076,-0.0,0.0,-3.0524691722853112,0.0,0.0,0.86,0.0,0.0,0.0,0.0,0.0,0.0,-0.053275637372004726,0.0,0.0,-0.053275637372004726,0.0,0.0
0.44999999999999996,-3.1657171658850385,-0.0,0.0,-3.120417968445148,0.0,0.0,0.86,0.0,0.0,0.0,0.0,0.0,0.0,-0.05446156758776035,0.0,0.0,-0.05446156758776035,0.0,0.0
0.48,-3.2214559457651264,-0.0,0.0,-3.181040754837135,0.0,0.0,0.86,0.0,0.0,0.0,0.0,0.0,0.0,-0.05551963481203374,0.0,0.0,-0.05551963481203374,0.0,0.0
0.51,-3.2763867538736156,-0.0,0.0,-3.2382483542590235,0.0,0.0,0.86,0.0,0.0,0.0,0.0,0.0,0.0,-0.0565180957791077,0.0,0.0,-0.0565180957791077,0.0,0.0
0.54,-3.3266049198664964,-0.0,0.0,-3.291262293623507,0.0,0.0,0.86,0.0,0.0,0.0,0.0,0.0,0.0,-0.05744336357047057,0.0,0.0,-0.05744336357047057,0.0,0.0
0.57,-3.3707949374027133,-0.0,0.0,-3.338981879891031,0.0,0.0,0.86,0.0,0.0,0.0,0.0,0.0,0.0,-0.058276227468528334,0.0,0.0,-0.058276227468528334,0.0,0.0
0.6,-3.4109060264106152,-0.0,0.0,-3.3821363678027816,0.0,0.0,0.86,0.0,0.0,0.0,0.0,0.0,0.0,-0.05902941536960047,0.0,0.0,-0.05902941536960047,0.0,0.0
0.63,-3.448308541633281,-0.0,0.0,-3.4218396721010813,0.0,0.0,0.86,0.0,0.0,0.0,0.0,0.0,0.0,-0.059722368753527016,0.0,0.0,-0.059722368753527016,0.0,0.0
0.6599999999999999,-3.48284230455266,-0.0,0.0,-3.4584412515720286,0.0,0.0,0.86,0.0,0.0,0.0,0.0,0.0,0.0,-0.060361186826725415,0.0,0.0,-0.060361186826725415,0.0,0.0
0.69,-3.5143238046271543,-0.0,0.0,-3.491970783405104,0.0,0.0,0.86,0.0,0.0,0.0,0.0,0.0,0.0,-0.060946387553864834,0.0,0.0,-0.060946387553864834,0.0,0.0
0.72,-3.5431686067447217,-0.0,0.0,-3.5226894774088744,0.0,0.0,0.86,0.0,0.0,0.0,0.0,0.0,0.0,-0.061482529906143266,0.0,0.0,-0.061482529906143266,0.0,0.0
0.75,-3.5698265263159383,-0.0,0.0,-3.550971706753113,0.0,0.0,0.86,0.0,0.0,0.0,0.0,0.0,0.0,-0.061976147928004384,0.0,0.0,-0.061976147928004384,0.0,0.0
0.78,-3.5944617455254537,-0.0,0.0,-3.5770657300165176,0.0,0.0,0.86,0.0,0.0,0.0,0.0,0.0,0.0,-0.06243157454904279,0.0,0.0,-0.06243157454904279,0.0,0.0
0.8099999999999999,-3.617170552468074,-0.0,0.0,-3.601128623487451,0.0,0.0,0.86,0.0,0.0,0.0,0.0,0.0,0.0,-0.06285155126766723,0.0,0.0,-0.06285155126766723,0.0,0.0
0.84,-3.6381359970141407,-0.0,0.0,-3.6233330476034653,0.0,0.0,0.86,0.0,0.0,0.0,0.0,0.0,0.0,-0.0632390915770009,0.0,0.0,-0.0632390915770009,0.0,0.0
0.87,-3.6575461593584024,-0.0,0.0,-3.6438609146564276,0.0,0.0,0.86,0.0,0.0,0.0,0.0,0.0,0.0,-0.06359737044548676,0.0,0.0,-0.06359737044548676,0.0,0.0
0.8999999999999999,-3.6755287954940115,-0.0,0.0,-3.6628616431589776,0.0,0.0,0.86,0.0,0.0,0.0,0.0,0.0,0.0,-0.06392899571813379,0.0,0.0,-0.06392899571813379,0.0,0.0
0.9299999999999999,-3.692187805809622,-0.0,0.0,-3.680457340749364,0.0,0.0,0.86,0.0,0.0,0.0,0.0,0.0,0.0,-0.06423609857527127,0.0,0.0,-0.06423609857527127,0.0,0.0
0.96,-3.7076331513996177,-0.0,0.0,-3.6967628271395157,0.0,0.0,0.86,0.0,0.0,0.0,0.0,0.0,0.0,-0.06452068299891854,0.0,0.0,-0.06452068299891854,0.0,0.0
0.99,-3.72196688761533,-0.0,0.0,-3.711885263425004,0.0,0.0,0.86,0.0,0.0,0.0,0.0,0.0,0.0,-0.06478461930302337,0.0,0.0,-0.06478461930302337,0.0,0.0
1.02,-3.7352730471483,-0.0,0.0,-3.725917933658982,0.0,0.0,0.86,0.0,0.0,0.0,0.0,0.0,0.0,-0.06502953560145289,0.0,0.0,-0.06502953560145289,0.0,0.0
1.05,-3.747625896935733,-0.0,0.0,-3.7389427116250324,0.0,0.0,0.86,0.0,0.0,0.0,0.0,0.0,0.0,-0.06525686086130168,0.0,0.0,-0.06525686086130168,0.0,0.0
1.08,-3.7590951370863666,-0.0,0.0,-3.751034166901833,0.0,0.0,0.86,0.0,0.0,0.0,0.0,0.0,0.0,-0.06546789656723949,0.0,0.0,-0.06546789656723949,0.0,0.0
1.1099999999999999,-3.769743347244529,-0.0,0.0,-3.762259675107451,0.0,0.0,0.86,0.0,0.0,0.0,0.0,0.0,0.0,-0.06566381864563717,0.0,0.0,-0.06566381864563717,0.0,0.0
1.14,-3.779625382725334,-0.0,0.0,-3.7726790996781805,0.0,0.0,0.86,0.0,0.0,0.0,0.0,0.0,0.0,-0.0658456719105596,0.0,0.0,-0.0658456719105596,0.0,0.0
1.17,-3.788790686839662,-0.0,0.0,-3.7823460519750696,0.0,0.0,0.86,0.0,0.0,0.0,0.0,0.0,0.0,-0.06601439205677354,0.0,0.0,-0.06601439205677354,0.0,0.0
1.2,-3.7972842340602995,-0.0,0.0,-3.7913089612262074,0.0,0.0,0.86,0.0,0.0,0.0,0.0,0.0,0.0,-0.06617082433376335,0.0,0.0,-0.06617082433376335,0.0,0.0
1.23,-3.8051463407754094,-0.0,0.0,-3.7996113889557286,0.0,0.0,0.86,0.0,0.0,0.0,0.0,0.0,0.0,-0.06631572903355237,0.0,0.0,-0.06631572903355237,0.0,0.0
1.26,-3.8124131554224028,-0.0,0.0,-3.807292448835733,0.0,0.0,0.86,0.0,0.0,0.0,0.0,0.0,0.0,-0.06644978881850129,0.0,0.0,-0.06644978881850129,0.0,0.0
1.29,-3.8191173987980145,-0.0,0.0,-3.8143874188131024,0.0,0.0,0.86,0.0,0.0,0.0,0.0,0.0,0.0,-0.06657361940493653,0.0,0.0,-0.06657361940493653,0.0,0.0
1.3199999999999998,-3.825288678464997,-0.0,0.0,-3.820928174604239,0.0,0.0,0.86,0.0,0.0,0.0,0.0,0.0,0.0,-0.06668777712906075,0.0,0.0,-0.06668777712906075,0.0,0.0
1.3499999999999999,-3.8309537226599124,-0.0,0.0,-3.826943503437643,0.0,0.0,0.86,0.0,0.0,0.0,0.0,0.0,0.0,-0.0667927644227938,0.0,0.0,-0.0667927644227938,0.0,0.0
1.38,-3.8361367457588154,-0.0,0.0,-3.8324594488303463,0.0,0.0,0.86,0.0,0.0,0.0,0.0,0.0,0.0,-0.06688903583125669,0.0,0.0,-0.06688903583125669,0.0,0.0
1.41,-3.8408597495409267,-0.0,0.0,-3.8374996292566945,0.0,0.0,0.86,0.0,0.0,0.0,0.0,0.0,0.0,-0.06697700357459103,0.0,0.0,-0.06697700357459103,0.0,0.0
1.44,-3.845142732591553,-0.0,0.0,-3.8420854912576097,0.0,0.0,0.86,0.0,0.0,0.0,0.0,0.0,0.0,-0.0670570419655491,0.0,0.0,-0.0670570419655491,0.0,0.0
1.47,-3.849003905524639,-0.0,0.0,-3.8462365398178275,0.0,0.0,0.86,0.0,0.0,0.0,0.0,0.0,0.0,-0.06712949143033507,0.0,0.0,-0.06712949143033507,0.0,0.0
1.5,-3.8524598976431355,-0.0,0.0,-3.8499705545130123,0.0,0.0,0.86,0.0,0.0,0.0,0.0,0.0,0.0,-0.0671946622810839,0.0,0.0,-0.0671946622810839,0.0,0.0
1.53,-3.8555259235836603,-0.0,0.0,-3.853303775955401,0.0,0.0,0.86,0.0,0.0,0.0,0.0,0.0,0.0,-0.06725283796995166,0.0,0.0,-0.06725283796995166,0.0,0.0
1.56,-3.8582159319660803,-0.0,0.0,-3.856251069561808,0.0,0.0,0.86,0.0,0.0,0.0,0.0,0.0,0.0,-0.06730427794740644,0.0,0.0,-0.06730427794740644,0.0,0.0
1.5899999999999999,-3.860542744885861,-0.0,0.0,-3.85882607475624,0.0,0.0,0.86,0.0,0.0,0.0,0.0,0.0,0.0,-0.06734922026630523,0.0,0.0,-0.06734922026630523,0.0,0.0
1.6199999999999999,-3.862518179066398,-0.0,0.0,-3.8610413373423347,0.0,0.0,0.86,0.0,0.0,0.0,0.0,0.0,0.0,-0.06738788389222883,0.0,0.0,-0.06738788389222883,0.0,0.0
1.65,-3.864153152085344,-0.0,0.0,-3.86290842618814,0.0,0.0,0.86,0.0,0.0,0.0,0.0,0.0,0.0,-0.06742047074001539,0.0,0.0,-0.06742047074001539,0.0,0.0
1.68,-3.865457778971493,-0.0,0.0,-3.864438037858152,0.0,0.0,0.86,0.0,0.0,0.0,0.0,0.0,0.0,-0.06744716749993403,0.0,0.0,-0.06744716749993403,0.0,0.0
1.71,-3.8664414579461868,-0.0,0.0,-3.8656400899109724,0.0,0.0,0.86,0.0,0.0,0.0,0.0,0.0,0.0,-0.0674681472660361,0.0,0.0,-0.0674681472660361,0.0,0.0
1.74,-3.8671129460444993,-0.0,0.0,-3.8665238035910883,0.0,0.0,0.86,0.0,0.0,0.0,0.0,0.0,0.0,-0.06748357097939904,0.0,0.0,-0.06748357097939904,0.0,0.0
1.77,-3.867480426931122,-0.0,0.0,-3.867097777595109,0.0,0.0,0.86,0.0,0.0,0.0,0.0,0.0,0.0,-0.06749358871559005,0.0,0.0,-0.06749358871559005,0.0,0.0
1.7999999999999998,-3.867551571299899,-0.0,0.0,-3.8673700538179827,0.0,0.0,0.86,0.0,0.0,0.0,0.0,0.0,0.0,-0.0674983408321541,0.0,0.0,-0.0674983408321541,0.0,0.0
1.8299999999999998,-3.86733359043641,-0.0,0.0,-3.867348175789039,0.0,0.0,0.86,0.0,0.0,0.0,0.0,0.0,0.0,-0.06749795898851518,0.0,0.0,-0.06749795898851518,0.0,0.0
1.8599999999999999,-3.8668332840073734,-0.0,0.0,-3.8670392407200396,0.0,0.0,0.86,0.0,0.0,0.0,0.0,0.0,0.0,-0.06749256705438626,0.0,0.0,-0.06749256705438626,0.0,0.0
1.89,-3.8660570826242258,-0.0,0.0,-3.866449945862551,0.0,0.0,0.86,0.0,0.0,0.0,0.0,0.0,0.0,-0.06748228191885802,0.0,0.0,-0.06748228191885802,0.0,0.0
1.92,-3.865011085678269,-0.0,0.0,-3.8655866297519816,0.0,0.0,0.86,0.0,0.0,0.0,0.0,0.0,0.0,-0.06746721421024307,0.0,0.0,-0.06746721421024307,0.0,0.0
1.95,-3.863701095039309,-0.0,0.0,-3.8644553089243785,0.0,0.0,0.86,0.0,0.0,0.0,0.0,0.0,0.0,-0.06744746893690501,0.0,0.0,-0.06744746893690501,0.0,0.0
1.98,-3.8621326450659996,-0.0,0.0,-3.8630617106093514,0.0,0.0,0.86,0.0,0.0,0.0,0.0,0.0,0.0,-0.06742314605785754,0.0,0.0,-0.06742314605785754,0.0,0.0
2.01,-3.8603110292943126,-0.0,0.0,-3.861411301820328,0.0,0.0,0.86,0.0,0.0,0.0,0.0,0.0,0.0,-0.06739434099048523,0.0,0.0,-0.06739434099048523,0.0,0.0
2.04,-3.8582413242045783,-0.0,0.0,-3.8595093152508784,0.0,0.0,0.86,0.0,0.0,0.0,0.0,0.0,0.0,-0.06736114506251963,0.0,0.0,-0.06736114506251963,0.0,0.0
2.07,-3.855928410370425,-0.0,0.0,-3.8573607723226067,0.0,0.0,0.86,0.0,0.0,0.0,0.0,0.0,0.0,-0.06732364591430084,0.0,0.0,-0.06732364591430084,0.0,0.0
2.1,-3.8533769912885862,-0.0,0.0,-3.854970503702194,0.0,0.0,0.86,0.0,0.0,0.0,0.0,0.0,0.0,-0.06728192785686754,0.0,0.0,-0.06728192785686754,0.0,0.0
2.13,-3.850591610118604,-0.0,0.0,-3.8523431675520405,0.0,0.0,0.86,0.0,0.0,0.0,0.0,0.0,0.0,-0.06723607219049069,0.0,0.0,-0.06723607219049069,0.0,0.0
2.16,-3.8475766646045897,-0.0,0.0,-3.8494832657835705,0.0,0.0,0.86,0.0,0.0,0.0,0.0,0.0,0.0,-0.06718615748834728,0.0,0.0,-0.06718615748834728,0.0,0.0
2.19,-3.8443364203345936,-0.0,0.0,-3.8463951585141842,0.0,0.0,0.86,0.0,0.0,0.0,0.0,0.0,0.0,-0.06713225984884172,0.0,0.0,-0.06713225984884172,0.0,0.0
2.2199999999999998,-3.8408750225470674,-0.0,0.0,-3.8430830769339144,0.0,0.0,0.86,0.0,0.0,0.0,0.0,0.0,0.0,-0.06707445312017135,0.0,0.0,-0.06707445312017135,0.0,0.0
2.25,-3.837196506642277,-0.0,0.0,-3.839551134758932,0.0,0.0,0.86,0.0,0.0,0.0,0.0,0.0,0.0,-0.06701280910022786,0.0,0.0,-0.06701280910022786,0.0,0.0
2.28,-3.8333048075255665,-0.0,0.0,-3.835803338418913,0.0,0.0,0.86,0.0,0.0,0.0,0.0,0.0,0.0,-0.06694739771440034,0.0,0.0,-0.06694739771440034,0.0,0.0
2.31,-3.8292037679286333,-0.0,0.0,-3.8318435961247452,0.0,0.0,0.86,0.0,0.0,0.0,0.0,0.0,0.0,-0.06687828717383663,0.0,0.0,-0.06687828717383663,0.0,0.0
2.34,-3.824897145816547,-0.0,0.0,-3.827675725939826,0.0,0.0,0.86,0.0,0.0,0.0,0.0,0.0,0.0,-0.06680554411631409,0.0,0.0,-0.06680554411631409,0.0,0.0
2.37,-3.848389278900789,-0.0,0.0,-3.840103857716404,0.0,0.0,0.86,0.0,0.0,0.0,0.0,0.0,0.0,-0.0670224559356871,0.0,0.0,-0.0670224559356871,0.0,0.0
2.4,-3.8141257432929385,-0.0,0.0,-3.8245169890623245,0.0,0.0,0.86,0.0,0.0,0.0,0.0,0.0,0.0,-0.06675041375759752,0.0,0.0,-0.06675041375759752,0.0,0.0
2.4299999999999997,-3.838943539323846,-0.0,0.0,-3.8331729192192374,0.0,0.0,0.86,0.0,0.0,0.0,0.0,0.0,0.0,-0.06690148823865832,0.0,0.0,-0.06690148823865832,0.0,0.0
2.46,-3.828023626697579,-0.0,0.0,-3.8300833437062427,0.0,0.0,0.86,0.0,0.0,0.0,0.0,0.0,0.0,-0.06684756497346757,0.0,0.0,-0.06684756497346757,0.0,0.0
2.4899999999999998,-3.8342288324650613,-0.0,0.0,-3.8325706369615338,0.0,0.0,0.86,0.0,0.0,0.0,0.0,0.0,0.0,-0.06689097643023505,0.0,0.0,-0.06689097643023505,0.0,0.0
2.52,-3.8374775107891126,-0.0,0.0,-3.8355147612580813,0.0,0.0,0.86,0.0,0.0,0.0,0.0,0.0,0.0,-0.06694236109279776,0.0,0.0,-0.06694236109279776,0.0,0.0
2.55,-3.838850712358288,-0.0,0.0,-3.8375163319182053,0.0,0.0,0.86,0.0,0.0,0.0,0.0,0.0,0.0,-0.06697729509102825,0.0,0.0,-0.06697729509102825,0.0,0.0
2.58,-3.844679372098174,-0.0,0.0,-3.8418141560261865,0.0,0.0,0.86,0.0,0.0,0.0,0.0,0.0,0.0,-0.06705230627238411,0.0,0.0,-0.06705230627238411,0.0,0.0
2.61,-3.8470690566008656,-0.0,0.0,-3.844967096370994,0.0,0.0,0.86,0.0,0.0,0.0,0.0,0.0,0.0,-0.06710733546251996,0.0,0.0,-0.06710733546251996,0.0,0.0
2.6399999999999997,-3.8525098706378698,-0.0,0.0,-3.849492760931119,0.0,0.0,0.86,0.0,0.0,0.0,0.0,0.0,0.0,-0.06718632320993496,0.0,0.0,-0.06718632320993496,0.0,0.0
2.67,-3.8561682884637802,-0.0,0.0,-3.8534980774507153,0.0,0.0,0.86,0.0,0.0,0.0,0.0,0.0,0.0,-0.06725622917078644,0.0,0.0,-0.06725622917078644,0.0,0.0
2.6999999999999997,-3.861179313203694,-0.0,0.0,-3.8581068189025025,0.0,0.0,0.86,0.0,0.0,0.0,0.0,0.0,0.0,-0.06733666688349327,0.0,0.0,-0.06733666688349327,0.0,0.0
2.73,-3.8653917126813653,-0.0,0.0,-3.86247775516982,0.0,0.0,0.86,0.0,0.0,0.0,0.0,0.0,0.0,-0.06741295411275279,0.0,0.0,-0.06741295411275279,0.0,0.0
2.76,-3.870137727683198,-0.0,0.0,-3.867073738677847,0.0,0.0,0.86,0.0,0.0,0.0,0.0,0.0,0.0,-0.06749316915733522,0.0,0.0,-0.06749316915733522,0.0,0.0
2.79,-3.874414935254428,-0.0,0.0,-3.871478456623795,0.0,0.0,0.86,0.0,0.0,0.0,0.0,0.0,0.0,-0.0675700459881137,0.0,0.0,-0.0675700459881137,0.0,0.0
2.82,-3.8788899790984113,-0.0,0.0,-3.8759253701085647,0.0,0.0,0.86,0.0,0.0,0.0,0.0,0.0,0.0,-0.06764765926997426,0.0,0.0,-0.06764765926997426,0.0,0.0
2.85,-3.8829605493203383,-0.0,0.0,-3.880146477635629,0.0,0.0,0.86,0.0,0.0,0.0,0.0,0.0,0.0,-0.06772133149440225,0.0,0.0,-0.06772133149440225,0.0,0.0
2.88,-3.8870830969476198,-0.0,0.0,-3.8843084492228233,0.0,0.0,0.86,0.0,0.0,0.0,0.0,0.0,0.0,-0.06779397160197324,0.0,0.0,-0.06779397160197324,0.0,0.0
2.9099999999999997,-3.8907789321713766,-0.0,0.0,-3.8881907389919554,0.0,0.0,0.86,0.0,0.0,0.0,0.0,0.0,0.0,-0.06786173034096109,0.0,0.0,-0.06786173034096109,0.0,0.0
2.94,-3.8944616069758604,-0.0,0.0,-3.8919532597822983,0.0,0.0,0.86,0.0,0.0,0.0,0.0,0.0,0.0,-0.06792739871692731,0.0,0.0,-0.06792739871692731,0.0,0.0
2.9699999999999998,-3.8976618180442193,-0.0,0.0,-3.895378394739451,0.0,0.0,0.86,0.0,0.0,0.0,0.0,0.0,0.0,-0.06798717859925478,0.0,0.0,-0.06798717859925478,0.0,0.0
3.0,-3.9008350021376637,-0.0,0.0,-3.898652359178379,0.0,0.0,0.86,0.0,0.0,0.0,0.0,0.0,0.0,-0.06804432005830728,0.0,0.0,-0.06804432005830728,0.0,0.0
3.03,-3.903442100232703,-0.0,0.0,-3.901526203810973,0.0,0.0,0.86,0.0,0.0,0.0,0.0,0.0,0.0,-0.06809447810933682,0.0,0.0,-0.06809447810933682,0.0,0.0
3.06,-3.906061732054769,-0.0,0.0,-3.9042475207572505,0.0,0.0,0.86,0.0,0.0,0.0,0.0,0.0,0.0,-0.06814197405003967,0.0,0.0,-0.06814197405003967,0.0,0.0
3.09,-3.907986164809166,-0.0,0.0,-3.9064907071883996,0.0,0.0,0.86,0.0,0.0,0.0,0.0,0.0,0.0,-0.06818112503899929,0.0,0.0,-0.06818112503899929,0.0,0.0
3.12,-3.9100420128476525,-0.0,0.0,-3.9086214905839514,0.0,0.0,0.86,0.0,0.0,0.0,0.0,0.0,0.0,-0.06821831422489849,0.0,0.0,-0.06821831422489849,0.0,0.0
3.15,-3.911182592581701,-0.0,0.0,-3.910158151782601,0.0,0.0,0.86,0.0,0.0,0.0,0.0,0.0,0.0,-0.06824513402230258,0.0,0.0,-0.06824513402230258,0.0,0.0
3.1799999999999997,-3.9127180847212135,-0.0,0.0,-3.9116941115457684,0.0,0.0,0.86,0.0,0.0,0.0,0.0,0.0,0.0,-0.06827194157734799,0.0,0.0,-0.06827194157734799,0.0,0.0
3.21,-3.912924613404232,-0.0,0.0,-3.9124324126608467,0.0,0.0,0.86,0.0,0.0,0.0,0.0,0.0,0.0,-0.06828482736267726,0.0,0.0,-0.06828482736267726,0.0,0.0
3.2399999999999998,-3.9140875060849822,-0.0,0.0,-3.913425468715328,0.0,0.0,0.86,0.0,0.0,0.0,0.0,0.0,0.0,-0.06830215946048482,0.0,0.0,-0.06830215946048482,0.0,0.0
3.27,-3.91307501060361,-0.0,0.0,-3.9132151938482975,0.0,0.0,0.86,0.0,0.0,0.0,0.0,0.0,0.0,-0.06829848947172094,0.0,0.0,-0.06829848947172094,0.0,0.0
3.3,-3.9142483295942823,-0.0,0.0,-3.9138350752958884,0.0,0.0,0.86,0.0,0.0,0.0,0.0,0.0,0.0,-0.06830930844395343,0.0,0.0,-0.06830930844395343,0.0,0.0
3.33,-3.911380463283742,-0.0,0.0,-3.9123623080886003,0.0,0.0,0.86,0.0,0.0,0.0,0.0,0.0,0.0,-0.06828360380707085,0.0,0.0,-0.06828360380707085,0.0,0.0
3.36,-3.9135324329445496,-0.0,0.0,-3.9130643830021703,0.0,0.0,0.86,0.0,0.0,0.0,0.0,0.0,0.0,-0.0682958573259083,0.0,0.0,-0.0682958573259083,0.0,0.0
3.3899999999999997,-3.9072368570979013,-0.0,0.0,-3.9095678674596086,0.0,0.0,0.86,0.0,0.0,0.0,0.0,0.0,0.0,-0.06823483161734345,0.0,0.0,-0.06823483161734345,0.0,0.0
3.42,-3.912899720941669,-0.0,0.0,-3.9115669795488452,0.0,0.0,0.86,0.0,0.0,0.0,0.0,0.0,0.0,-0.06826972270541705,0.0,0.0,-0.06826972270541705,0.0,0.0
3.4499999999999997,-3.8989977688086497,-0.0,0.0,-3.904025453104728,0.0,0.0,0.86,0.0,0.0,0.0,0.0,0.0,0.0,-0.06813809823834098,0.0,0.0,-0.06813809823834098,0.0,0.0
3.48,-3.9151468794626143,-0.0,0.0,-3.9106983089194594,0.0,0.0,0.86,0.0,0.0,0.0,0.0,0.0,0.0,-0.06825456154281889,0.0,0.0,-0.06825456154281889,0.0,0.0
3.51,-3.8818173134992535,-0.0,0.0,-3.893369711667336,0.0,0.0,0.86,0.0,0.0,0.0,0.0,0.0,0.0,-0.0679521204660173,0.0,0.0,-0.0679521204660173,0.0,0.0
3.54,-3.928789329263247,-0.0,0.0,-3.914621482224883,0.0,0.0,0.86,0.0,0.0,0.0,0.0,0.0,0.0,-0.06832303383412489,0.0,0.0,-0.06832303383412489,0.0,0.0
3.57,-3.8405617560418017,-0.0,0.0,-3.870185646515034,0.0,0.0,0.86,0.0,0.0,0.0,0.0,0.0,0.0,-0.06754748219511275,0.0,0.0,-0.06754748219511275,0.0,0.0
3.5999999999999996,-3.981153407619112,-0.0,0.0,-3.9367663031774804,0.0,0.0,0.86,0.0,0.0,0.0,0.0,0.0,0.0,-0.06870953387201234,0.0,0.0,-0.06870953387201234,0.0,0.0
3.63,-3.725313902730419,-0.0,0.0,-3.809894862909244,0.0,0.0,0.86,0.0,0.0,0.0,0.0,0.0,0.0,-0.0664952095125843,0.0,0.0,-0.0664952095125843,0.0,0.0
3.6599999999999997,-4.164768006059822,-0.0,0.0,-4.02281874879959,0.0,0.0,0.86,0.0,0.0,0.0,0.0,0.0,0.0,-0.07021143237751154,0.0,0.0,-0.07021143237751154,0.0,0.0
3.69,-3.3624143643086195,-0.0,0.0,-3.6265761181050085,0.0,0.0,0.86,0.0,0.0,0.0,0.0,0.0,0.0,-0.06329569383512713,0.0,0.0,-0.06329569383512713,0.0,0.0
3.7199999999999998,-4.810049654510154,-0.0,0.0,-4.336660239948095,0.0,0.0,0.86,0.0,0.0,0.0,0.0,0.0,0.0,-0.07568899972742159,0.0,0.0,-0.07568899972742159,0.0,0.0
3.75,-2.1151393531890057,-0.0,0.0,-3.0037477078926416,0.0,0.0,0.86,0.0,0.0,0.0,0.0,0.0,0.0,-0.05242528740195946,0.0,0.0,-0.05242528740195946,0.0,0.0
3.78,-7.160255136295307,-0.0,0.0,-5.49765216493424,0.0,0.0,0.86,0.0,0.0,0.0,0.0,0.0,0.0,-0.09595213140749684,0.0,0.0,-0.09595213140749684,0.0,0.0
3.81,2.4749258996646635,-0.0,0.0,-2.7976521649342403,0.0,0.0,0.86,0.0,0.0,0.0,0.0,0.0,0.0,-0.048828241603649944,0.0,0.0,-0.048828241603649944,0.0,0.0
3.84,-5.3071204437953305,-0.0,0.0,-4.303333132250894,0.0,0.0,0.86,0.0,0.0,0.0,0.0,0.0,0.0,-0.07510733196793869,0.0,0.0,-0.07510733196793869,0.0,0.0
3.8699999999999997,-3.552808273671933,-0.0,0.0,-3.853018217103518,0.0,0.0,0.86,0.0,0.0,0.0,0.0,0.0,0.0,-0.06724785402777808,0.0,0.0,-0.06724785402777808,0.0,0.0
3.9,-4.370461118484591,-0.0,0.0,-4.163483957932161,0.0,0.0,0.86,0.0,0.0,0.0,0.0,0.0,0.0,-0.0726665034198813,0.0,0.0,-0.0726665034198813,0.0,0.0
3.9299999999999997,-3.1231997991300586,-0.0,0.0,-3.5393134626509,0.0,0.0,0.86,0.0,0.0,0.0,0.0,0.0,0.0,-0.06177267318341956,0.0,0.0,-0.06177267318341956,0.0,0.0
3.96,-5.507148524861915,-0.0,0.0,-4.720014499977509,0.0,0.0,0.86,0.0,0.0,0.0,0.0,0.0,0.0,-0.08237979376648136,0.0,0.0,-0.08237979376648136,0.0,0.0
3.9899999999999998,-0.5157054923808757,-0.0,0.0,-2.1974290954195292,0.0,0.0,0.86,0.0,0.0,0.0,0.0,0.0,0.0,-0.03835237279419143,0.0,0.0,-0.03835237279419143,0.0,0.0
4.02,-10.920333782069472,-0.0,0.0,-4.897429095419529,0.0,0.0,0.86,0.0,0.0,0.0,0.0,0.0,0.0,-0.08547626259803832,0.0,0.0,-0.08547626259803832,0.0,0.0
4.05,-2.5598127426820123,-0.0,0.0,-3.494859283777019,0.0,0.0,0.86,0.0,0.0,0.0,0.0,0.0,0.0,-0.06099680139579983,0.0,0.0,-0.06099680139579983,0.0,0.0
4.08,-3.496066165660023,-0.0,0.0,-3.4955834129068215,0.0,0.0,0.86,0.0,0.0,0.0,0.0,0.0,0.0,-0.061009439833324484,0.0,0.0,-0.061009439833324484,0.0,0.0
4.109999999999999,-4.433200495831342,-0.0,0.0,-4.0581536626615335,0.0,0.0,0.86,0.0,0.0,0.0,0.0,0.0,0.0,-0.07082814296531102,0.0,0.0,-0.07082814296531102,0.0,0.0
4.14,-1.8850215440720521,-0.0,0.0,-2.7542743915078445,0.0,0.0,0.86,0.0,0.0,0.0,0.0,0.0,0.0,-0.048071156635175236,0.0,0.0,-0.048071156635175236,0.0,0.0
4.17,-7.682665766237582,-0.0,0.0,-5.454274391507845,0.0,0.0,0.86,0.0,0.0,0.0,0.0,0.0,0.0,-0.09519504643902213,0.0,0.0,-0.09519504643902213,0.0,0.0
4.2,3.999756808570897,-0.0,0.0,-2.7542743915078445,0.0,0.0,0.86,0.0,0.0,0.0,0.0,0.0,0.0,-0.048071156635175236,0.0,0.0,-0.048071156635175236,0.0,0.0
4.2299999999999995,-4.130178678046191,-0.0,0.0,-3.579816963430852,0.0,0.0,0.86,0.0,0.0,0.0,0.0,0.0,0.0,-0.06247959263061381,0.0,0.0,-0.06247959263061381,0.0,0.0
4.26,-6.106565869010044,-0.0,0.0,-5.095866306778367,0.0,0.0,0.86,0.0,0.0,0.0,0.0,0.0,0.0,-0.08893964529472594,0.0,0.0,-0.08893964529472594,0.0,0.0
4.29,1.9816241633191347,-0.0,0.0,-2.395866306778367,0.0,0.0,0.86,0.0,0.0,0.0,0.0,0.0,0.0,-0.04181575549087904,0.0,0.0,-0.04181575549087904,0.0,0.0
4.32,-8.683982351683337,-0.0,0.0,-5.095866306778367,0.0,0.0,0.86,0.0,0.0,0.0,0.0,0.0,0.0,-0.08893964529472594,0.0,0.0,-0.08893964529472594,0.0,0.0
4.35,0.0055371794889571375,-0.0,0.0,-2.395866306778367,0.0,0.0,0.86,0.0,0.0,0.0,0.0,0.0,0.0,-0.04181575549087904,0.0,0.0,-0.04181575549087904,0.0,0.0
4.38,-9.60248163333074,-0.0,0.0,-5.095866306778367,0.0,0.0,0.86,0.0,0.0,0.0,0.0,0.0,0.0,-0.08893964529472594,0.0,0.0,-0.08893964529472594,0.0,0.0
4.41,0.5325987298717877,-0.0,0.0,-2.395866306778367,0.0,0.0,0.86,0.0,0.0,0.0,0.0,0.0,0.0,-0.04181575549087904,0.0,0.0,-0.04181575549087904,0.0,0.0
4.4399999999999995,-8.351058528338166,-0.0,0.0,-5.095866306778367,0.0,0.0,0.86,0.0,0.0,0.0,0.0,0.0,0.0,-0.08893964529472594,0.0,0.0,-0.08893964529472594,0.0,0.0
4.47,2.1036984972324753,-0.0,0.0,-2.395866306778367,0.0,0.0,0.86,0.0,0.0,0.0,0.0,0.0,0.0,-0.04181575549087904,0.0,0.0,-0.04181575549087904,0.0,0.0
4.5,-7.364393951582498,-0.0,0.0,-5.095866306778367,0.0,0.0,0.86,0.0,0.0,0.0,0.0,0.0,0.0,-0.08893964529472594,0.0,0.0,-0.08893964529472594,0.0,0.0
4.53,2.493345576620375,-0.0,0.0,-2.395866306778367,0.0,0.0,0.86,0.0,0.0,0.0,0.0,0.0,0.0,-0.04181575549087904,0.0,0.0,-0.04181575549087904,0.0,0.0
4.56,-7.794879798438757,-0.0,0.0,-5.095866306778367,0.0,0.0,0.86,0.0,0.0,0.0,0.0,0.0,0.0,-0.08893964529472594,0.0,0.0,-0.08893964529472594,0.0,0.0
4.59,1.8659806394225218,-0.0,0.0,-2.395866306778367,0.0,0.0,0.86,0.0,0.0,0.0,0.0,0.0,0.0,-0.04181575549087904,0.0,0.0,-0.04181575549087904,0.0,0.0
4.62,-8.505680848651757,-0.0,0.0,-5.095866306778367,0.0,0.0,0.86,0.0,0.0,0.0,0.0,0.0,0.0,-0.08893964529472594,0.0,0.0,-0.08893964529472594,0.0,0.0
4.6499999999999995,1.6537426546790306,-0.0,0.0,-2.395866306778367,0.0,0.0,0.86,0.0,0.0,0.0,0.0,0.0,0.0,-0.04181575549087904,0.0,0.0,-0.04181575549087904,0.0,0.0
4.68,-8.43104408704442,-0.0,0.0,-5.095866306778367,0.0,0.0,0.86,0.0,0.0,0.0,0.0,0.0,0.0,-0.08893964529472594,0.0,0.0,-0.08893964529472594,0.0,0.0
4.71,2.1886964857873523,-0.0,0.0,-2.395866306778367,0.0,0.0,0.86,0.0,0.0,0.0,0.0,0.0,0.0,-0.04181575549087904,0.0,0.0,-0.04181575549087904,0.0,0.0
4.74,-7.956381667368485,-0.0,0.0,-5.095866306778367,0.0,0.0,0.86,0.0,0.0,0.0,0.0,0.0,0.0,-0.08893964529472594,0.0,0.0,-0.08893964529472594,0.0,0.0
4.77,2.686686157564977,-0.0,0.0,-2.395866306778367,0.0,0.0,0.86,0.0,0.0,0.0,0.0,0.0,0.0,-0.04181575549087904,0.0,0.0,-0.04181575549087904,0.0,0.0
4.8,-7.842433356280172,-0.0,0.0,-5.095866306778367,0.0,0.0,0.86,0.0,0.0,0.0,0.0,0.0,0.0,-0.08893964529472594,0.0,0.0,-0.08893964529472594,0.0,0.0
4.83,2.7316136349408113,-0.0,0.0,-2.395866306778367,0.0,0.0,0.86,0.0,0.0,0.0,0.0,0.0,0.0,-0.04181575549087904,0.0,0.0,-0.04181575549087904,0.0,0.0
4.859999999999999,-8.054809286343449,-0.0,0.0,-5.095866306778367,0.0,0.0,0.86,0.0,0.0,0.0,0.0,0.0,0.0,-0.08893964529472594,0.0,0.0,-0.08893964529472594,0.0,0.0
4.89,2.6943021444011146,-0.0,0.0,-2.395866306778367,0.0,0.0,0.86,0.0,0.0,0.0,0.0,0.0,0.0,-0.04181575549087904,0.0,0.0,-0.04181575549087904,0.0,0.0
4.92,-8.122763431937203,-0.0,0.0,-5.095866306778367,0.0,0.0,0.86,0.0,0.0,0.0,0.0,0.0,0.0,-0.08893964529472594,0.0,0.0,-0.08893964529472594,0.0,0.0
4.95,2.91634965879486,-0.0,0.0,-2.395866306778367,0.0,0.0,0.86,0.0,0.0,0.0,0.0,0.0,0.0,-0.04181575549087904,0.0,0.0,-0.04181575549087904,0.0,0.0
4.9799999999999995,-7.957198103573966,-0.0,0.0,-5.095866306778367,0.0,0.0,0.86,0.0,0.0,0.0,0.0,0.0,0.0,-0.08893964529472594,0.0,0.0,-0.08893964529472594,0.0,0.0
5.01,3.2511732437918157,-0.0,0.0,-2.395866306778367,0.0,0.0,0.86,0.0,0.0,0.0,0.0,0.0,0.0,-0.04181575549087904,0.0,0.0,-0.04181575549087904,0.0,0.0
5.04,-7.821989465281851,-0.0,0.0,-5.095866306778367,0.0,0.0,0.86,0.0,0.0,0.0,0.0,0.0,0.0,-0.08893964529472594,0.0,0.0,-0.08893964529472594,0.0,0.0
5.069999999999999,3.46277429857592,-0.0,0.0,-2.395866306778367,0.0,0.0,0.86,0.0,0.0,0.0,0.0,0.0,0.0,-0.04181575549087904,0.0,0.0,-0.04181575549087904,0.0,0.0
5.1,-7.824028871009365,-0.0,0.0,-5.095866306778367,0.0,0.0,0.86,0.0,0.0,0.0,0.0,0.0,0.0,-0.08893964529472594,0.0,0.0,-0.08893964529472594,0.0,0.0
5.13,3.592740448167662,-0.0,0.0,-2.395866306778367,0.0,0.0,0.86,0.0,0.0,0.0,0.0,0.0,0.0,-0.04181575549087904,0.0,0.0,-0.04181575549087904,0.0,0.0
5.16,-7.825861360992719,-0.0,0.0,-5.095866306778367,0.0,0.0,0.86,0.0,0.0,0.0,0.0,0.0,0.0,-0.08893964529472594,0.0,0.0,-0.08893964529472594,0.0,0.0
5.1899999999999995,3.789161709537485,-0.0,0.0,-2.395866306778367,0.0,0.0,0.86,0.0,0.0,0.0,0.0,0.0,0.0,-0.04181575549087904,0.0,0.0,-0.04181575549087904,0.0,0.0
5.22,-7.740114035511241,-0.0,0.0,-5.095866306778367,0.0,0.0,0.86,0.0,0.0,0.0,0.0,0.0,0.0,-0.08893964529472594,0.0,0.0,-0.08893964529472594,0.0,0.0
5.25,4.051970622767032,-0.0,0.0,-2.395866306778367,0.0,0.0,0.86,0.0,0.0,0.0,0.0,0.0,0.0,-0.04181575549087904,0.0,0.0,-0.04181575549087904,0.0,0.0
5.279999999999999,-7.634189597668203,-0.0,0.0,-5.095866306778367,0.0,0.0,0.86,0.0,0.0,0.0,0.0,0.0,0.0,-0.08893964529472594,0.0,0.0,-0.08893964529472594,0.0,0.0
5.31,4.293803541570862,-0.0,0.0,-2.395866306778367,0.0,0.0,0.86,0.0,0.0,0.0,0.0,0.0,0.0,-0.04181575549087904,0.0,0.0,-0.04181575549087904,0.0,0.0
5.34,-7.569142242509756,-0.0,0.0,-5.095866306778367,0.0,0.0,0.86,0.0,0.0,0.0,0.0,0.0,0.0,-0.08893964529472594,0.0,0.0,-0.08893964529472594,0.0,0.0
5.37,4.502852342887894,-0.0,0.0,-2.395866306778367,0.0,0.0,0.86,0.0,0.0,0.0,0.0,0.0,0.0,-0.04181575549087904,0.0,0.0,-0.04181575549087904,0.0,0.0
5.3999999999999995,-7.5053475005236026,-0.0,0.0,-5.095866306778367,0.0,0.0,0.86,0.0,0.0,0.0,0.0,0.0,0.0,-0.08893964529472594,0.0,0.0,-0.08893964529472594,0.0,0.0
5.43,4.6466505206335835,-0.0,0.0,-2.395866306778367,0.0,0.0,0.86,0.0,0.0,0.0,0.0,0.0,0.0,-0.04181575549087904,0.0,0.0,-0.04181575549087904,0.0,0.0
5.46,-7.364902870411568,-0.0,0.0,-5.095866306778367,0.0,0.0,0.86,0.0,0.0,0.0,0.0,0.0,0.0,-0.08893964529472594,0.0,0.0,-0.08893964529472594,0.0,0.0
5.49,4.793621886080639,-0.0,0.0,-2.395866306778367,0.0,0.0,0.86,0.0,0.0,0.0,0.0,0.0,0.0,-0.04181575549087904,0.0,0.0,-0.04181575549087904,0.0,0.0
5.52,-7.221279366980531,-0.0,0.0,-6.875493541569878,0.0,0.0,0.86,0.0,0.0,0.0,1.0,0.0,0.0,-0.12,0.0,0.0,-0.12,0.0,0.0
5.55,4.943731570202699,-0.0,0.0,-6.875493541569878,0.0,0.0,0.86,0.0,0.0,0.0,1.0,0.0,0.0,-0.12,0.0,0.0,-0.12,0.0,0.0
5.58,18.20392514523268,-0.0,0.0,-6.875493541569878,0.0,0.0,0.86,0.0,0.0,0.0,1.0,0.0,0.0,-0.12,0.0,0.0,-0.12,0.0,0.0
5.609999999999999,24.000000000000004,-0.0,0.0,-6.875493541569878,0.0,0.0,0.86,0.0,0.0,0.0,1.0,0.0,0.0,-0.12,0.0,0.0,-0.12,0.0,0.0
5.64,23.52205194667772,-0.0,0.0,-6.875493541569878,0.0,0.0,0.86,0.0,0.0,0.0,1.0,0.0,0.0,-0.12,0.0,0.0,-0.12,0.0,0.0
5.67,12.717694305958368,-0.0,0.0,-6.875493541569878,0.0,0.0,0.86,0.0,0.0,0.0,1.0,0.0,0.0,-0.12,0.0,0.0,-0.12,0.0,0.0
5.7,0.8133569857116412,-0.0,0.0,-6.875493541569878,0.0,0.0,0.86,0.0,0.0,0.0,1.0,0.0,0.0,-0.12,0.0,0.0,-0.12,0.0,0.0
5.7299999999999995,-6.761729921312157,-0.0,0.0,-6.875493541569878,0.0,0.0,0.86,0.0,0.0,0.0,1.0,0.0,0.0,-0.12,0.0,0.0,-0.12,0.0,0.0
5.76,-5.84455384398912,-0.0,0.0,-6.875493541569878,0.0,0.0,0.86,0.0,0.0,0.0,1.0,0.0,0.0,-0.12,0.0,0.0,-0.12,0.0,0.0
5.79,1.0659173328966227,-0.0,0.0,-6.875493541569878,0.0,0.0,0.86,0.0,0.0,0.0,1.0,0.0,0.0,-0.12,0.0,0.0,-0.12,0.0,0.0
5.819999999999999,9.019421006428878,-0.0,0.0,-6.875493541569878,0.0,0.0,0.86,0.0,0.0,0.0,1.0,0.0,0.0,-0.12,0.0,0.0,-0.12,0.0,0.0
5.85,13.768026152330307,-0.0,0.0,-6.875493541569878,0.0,0.0,0.86,0.0,0.0,0.0,1.0,0.0,0.0,-0.12,0.0,0.0,-0.12,0.0,0.0
5.88,13.794650669092317,-0.0,0.0,-6.875493541569878,0.0,0.0,0.86,0.0,0.0,0.0,1.0,0.0,0.0,-0.12,0.0,0.0,-0.12,0.0,0.0
5.91,10.43001377369927,-0.0,0.0,-6.875493541569878,0.0,0.0,0.86,0.0,0.0,0.0,1.0,0.0,0.0,-0.12,0.0,0.0,-0.12,0.0,0.0
5.9399999999999995,6.4460096167663075,-0.0,0.0,-6.875493541569878,0.0,0.0,0.86,0.0,0.0,0.0,1.0,0.0,0.0,-0.12,0.0,0.0,-0.12,0.0,0.0
5.97,4.235487500281397,-0.0,0.0,-6.875493541569878,0.0,0.0,0.86,0.0,0.0,0.0,1.0,0.0,0.0,-0.12,0.0,0.0,-0.12,0.0,0.0
6.0,4.648224914471586,-0.0,0.0,-6.875493541569878,0.0,0.0,0.86,0.0,0.0,0.0,1.0,0.0,0.0,-0.12,0.0,0.0,-0.12,0.0,0.0
6.029999999999999,6.934964123331266,-0.0,0.0,-6.875493541569878,0.0,0.0,0.86,0.0,0.0,0.0,1.0,0.0,0.0,-0.12,0.0,0.0,-0.12,0.0,0.0
6.06,9.548210299023376,-0.0,0.0,-6.875493541569878,0.0,0.0,0.86,0.0,0.0,0.0,1.0,0.0,0.0,-0.12,0.0,0.0,-0.12,0.0,0.0
6.09,11.163588430831007,-0.0,0.0,-6.875493541569878,0.0,0.0,0.86,0.0,0.0,0.0,1.0,0.0,0.0,-0.12,0.0,0.0,-0.12,0.0,0.0
6.12,11.327716798568602,-0.0,0.0,-6.875493541569878,0.0,0.0,0.86,0.0,0.0,0.0,1.0,0.0,0.0,-0.12,0.0,0.0,-0.12,0.0,0.0
6.1499999999999995,10.479727546215253,-0.0,0.0,-6.875493541569878,0.0,0.0,0.86,0.0,0.0,0.0,1.0,0.0,0.0,-0.12,0.0,0.0,-0.12,0.0,0.0
6.18,9.489078839566806,-0.0,0.0,-6.875493541569878,0.0,0.0,0.86,0.0,0.0,0.0,1.0,0.0,0.0,-0.12,0.0,0.0,-0.12,0.0,0.0
6.21,9.07850725130414,-0.0,0.0,-6.875493541569878,0.0,0.0,0.86,0.0,0.0,0.0,1.0,0.0,0.0,-0.12,0.0,0.0,-0.12,0.0,0.0
6.24,9.4724047584853,-0.0,0.0,-6.875493541569878,0.0,0.0,0.86,0.0,0.0,0.0,1.0,0.0,0.0,-0.12,0.0,0.0,-0.12,0.0,0.0
6.27,10.40363132083267,-0.0,0.0,-6.875493541569878,0.0,0.0,0.86,0.0,0.0,0.0,1.0,0.0,0.0,-0.12,0.0,0.0,-0.12,0.0,0.0
6.3,11.384299862900745,-0.0,0.0,-6.875493541569878,0.0,0.0,0.86,0.0,0.0,0.0,1.0,0.0,0.0,-0.12,0.0,0.0,-0.12,0.0,0.0
6.33,12.027210716789137,-0.0,0.0,-6.875493541569878,0.0,0.0,0.86,0.0,0.0,0.0,1.0,0.0,0.0,-0.12,0.0,0.0,-0.12,0.0,0.0
6.359999999999999,12.230650947698475,-0.0,0.0,-6.875493541569878,0.0,0.0,0.86,0.0,0.0,0.0,1.0,0.0,0.0,-0.12,0.0,0.0,-0.12,0.0,0.0
6.39,12.16029554716233,-0.0,0.0,-6.875493541569878,0.0,0.0,0.86,0.0,0.0,0.0,1.0,0.0,0.0,-0.12,0.0,0.0,-0.12,0.0,0.0
6.42,12.089389081111447,-0.0,0.0,-6.875493541569878,0.0,0.0,0.86,0.0,0.0,0.0,1.0,0.0,0.0,-0.12,0.0,0.0,-0.12,0.0,0.0
6.45,12.220895454794658,-0.0,0.0,-6.875493541569878,0.0,0.0,0.86,0.0,0.0,0.0,1.0,0.0,0.0,-0.12,0.0,0.0,-0.12,0.0,0.0
6.4799999999999995,12.594077549695083,-0.0,0.0,-6.875493541569878,0.0,0.0,0.86,0.0,0.0,0.0,1.0,0.0,0.0,-0.12,0.0,0.0,-0.12,0.0,0.0
6.51,13.105422528868083,-0.0,0.0,-6.875493541569878,0.0,0.0,0.86,0.0,0.0,0.0,1.0,0.0,0.0,-0.12,0.0,0.0,-0.12,0.0,0.0
6.54,13.60305769201479,-0.0,0.0,-6.875493541569878,0.0,0.0,0.86,0.0,0.0,0.0,1.0,0.0,0.0,-0.12,0.0,0.0,-0.12,0.0,0.0
6.569999999999999,13.983539794400455,-0.0,0.0,-6.875493541569878,0.0,0.0,0.86,0.0,0.0,0.0,1.0,0.0,0.0,-0.12,0.0,0.0,-0.12,0.0,0.0
6.6,14.236679669295812,-0.0,0.0,-6.875493541569878,0.0,0.0,0.86,0.0,0.0,0.0,1.0,0.0,0.0,-0.12,0.0,0.0,-0.12,0.0,0.0
6.63,14.426799994508027,-0.0,0.0,-6.875493541569878,0.0,0.0,0.86,0.0,0.0,0.0,1.0,0.0,0.0,-0.12,0.0,0.0,-0.12,0.0,0.0
6.66,14.637256394400422,-0.0,0.0,-6.875493541569878,0.0,0.0,0.86,0.0,0.0,0.0,1.0,0.0,0.0,-0.12,0.0,0.0,-0.12,0.0,0.0
6.6899999999999995,14.918756334238921,-0.0,0.0,-6.875493541569878,0.0,0.0,0.86,0.0,0.0,0.0,1.0,0.0,0.0,-0.12,0.0,0.0,-0.12,0.0,0.0
6.72,15.269485671900872,-0.0,0.0,-6.875493541569878,0.0,0.0,0.86,0.0,0.0,0.0,1.0,0.0,0.0,-0.12,0.0,0.0,-0.12,0.0,0.0
6.75,15.649966546345864,-0.0,0.0,-6.875493541569878,0.0,0.0,0.86,0.0,0.0,0.0,1.0,0.0,0.0,-0.12,0.0,0.0,-0.12,0.0,0.0
6.779999999999999,16.015251855370384,-0.0,0.0,-6.875493541569878,0.0,0.0,0.86,0.0,0.0,0.0,1.0,0.0,0.0,-0.12,0.0,0.0,-0.12,0.0,0.0
6.81,16.341764563286237,-0.0,0.0,-6.875493541569878,0.0,0.0,0.86,0.0,0.0,0.0,1.0,0.0,0.0,-0.12,0.0,0.0,-0.12,0.0,0.0
6.84,16.63498429595842,-0.0,0.0,-6.875493541569878,0.0,0.0,0.86,0.0,0.0,0.0,1.0,0.0,0.0,-0.12,0.0,0.0,-0.12,0.0,0.0
6.87,16.918618514313525,-0.0,0.0,-6.875493541569878,0.0,0.0,0.86,0.0,0.0,0.0,1.0,0.0,0.0,-0.12,0.0,0.0,-0.12,0.0,0.0
6.8999999999999995,17.21625880024196,-0.0,0.0,-6.875493541569878,0.0,0.0,0.86,0.0,0.0,0.0,1.0,0.0,0.0,-0.12,0.0,0.0,-0.12,0.0,0.0
6.93,17.53794766313341,-0.0,0.0,-6.875493541569878,0.0,0.0,0.86,0.0,0.0,0.0,1.0,0.0,0.0,-0.12,0.0,0.0,-0.12,0.0,0.0
6.96,17.878040729605424,-0.0,0.0,-6.875493541569878,0.0,0.0,0.86,0.0,0.0,0.0,1.0,0.0,0.0,-0.12,0.0,0.0,-0.12,0.0,0.0
6.989999999999999,18.22261787872847,-0.0,0.0,-6.875493541569878,0.0,0.0,0.86,0.0,0.0,0.0,1.0,0.0,0.0,-0.12,0.0,0.0,-0.12,0.0,0.0
7.02,18.541475313696097,-0.0,0.0,-6.875493541569878,0.0,0.0,0.86,0.0,0.0,0.0,1.0,0.0,0.0,-0.12,0.0,0.0,-0.12,0.0,0.0
7.05,18.855872646748363,-0.0,0.0,-6.875493541569878,0.0,0.0,0.86,0.0,0.0,0.0,1.0,0.0,0.0,-0.12,0.0,0.0,-0.12,0.0,0.0
7.08,19.17146735280523,-0.0,0.0,-6.875493541569878,0.0,0.0,0.86,0.0,0.0,0.0,1.0,0.0,0.0,-0.12,0.0,0.0,-0.12,0.0,0.0
7.109999999999999,19.488209739543166,-0.0,0.0,-6.875493541569878,0.0,0.0,0.86,0.0,0.0,0.0,1.0,0.0,0.0,-0.12,0.0,0.0,-0.12,0.0,0.0
7.14,19.81189105503324,-0.0,0.0,-6.875493541569878,0.0,0.0,0.86,0.0,0.0,0.0,1.0,0.0,0.0,-0.12,0.0,0.0,-0.12,0.0,0.0
7.17,20.14340279304009,-0.0,0.0,-6.875493541569878,0.0,0.0,0.86,0.0,0.0,0.0,1.0,0.0,0.0,-0.12,0.0,0.0,-0.12,0.0,0.0
7.199999999999999,20.479530313540184,-0.0,0.0,-6.875493541569878,0.0,0.0,0.86,0.0,0.0,0.0,1.0,0.0,0.0,-0.12,0.0,0.0,-0.12,0.0,0.0
7.2299999999999995,20.806438865929973,-0.0,0.0,-6.875493541569878,0.0,0.0,0.86,0.0,0.0,0.0,1.0,0.0,0.0,-0.12,0.0,0.0,-0.12,0.0,0.0
7.26,20.808138263571372,-0.0,0.0,-6.875493541569878,0.0,0.0,0.86,0.0,0.0,0.0,1.0,0.0,0.0,-0.12,0.0,0.0,-0.12,0.0,0.0
7.29,20.808934196806533,-0.0,0.0,-6.875493541569878,0.0,0.0,0.86,0.0,0.0,0.0,1.0,0.0,0.0,-0.12,0.0,0.0,-0.12,0.0,0.0
7.319999999999999,20.809451276047923,-0.0,0.0,-6.875493541569878,0.0,0.0,0.86,0.0,0.0,0.0,1.0,0.0,0.0,-0.12,0.0,0.0,-0.12,0.0,0.0
7.35,20.810302782659246,-0.0,0.0,-6.875493541569878,0.0,0.0,0.86,0.0,0.0,0.0,1.0,0.0,0.0,-0.12,0.0,0.0,-0.12,0.0,0.0
7.38,20.81173325594994,-0.0,0.0,-6.875493541569878,0.0,0.0,0.86,0.0,0.0,0.0,1.0,0.0,0.0,-0.12,0.0,0.0,-0.12,0.0,0.0
7.41,20.813574925462518,-0.0,0.0,-6.875493541569878,0.0,0.0,0.86,0.0,0.0,0.0,1.0,0.0,0.0,-0.12,0.0,0.0,-0.12,0.0,0.0
7.4399999999999995,20.815459154829167,-0.0,0.0,-6.875493541569878,0.0,0.0,0.86,0.0,0.0,0.0,1.0,0.0,0.0,-0.12,0.0,0.0,-0.12,0.0,0.0
7.47,20.817089198569054,-0.0,0.0,-6.875493541569878,0.0,0.0,0.86,0.0,0.0,0.0,1.0,0.0,0.0,-0.12,0.0,0.0,-0.12,0.0,0.0
7.5,20.818396284253865,-0.0,0.0,-6.875493541569878,0.0,0.0,0.86,0.0,0.0,0.0,1.0,0.0,0.0,-0.12,0.0,0.0,-0.12,0.0,0.0
7.529999999999999,20.81951803975603,-0.0,0.0,-6.875493541569878,0.0,0.0,0.86,0.0,0.0,0.0,1.0,0.0,0.0,-0.12,0.0,0.0,-0.12,0.0,0.0
7.56,20.820660193601235,-0.0,0.0,-6.875493541569878,0.0,0.0,0.86,0.0,0.0,0.0,1.0,0.0,0.0,-0.12,0.0,0.0,-0.12,0.0,0.0
7.59,20.821955481707825,-0.0,0.0,-6.875493541569878,0.0,0.0,0.86,0.0,0.0,0.0,1.0,0.0,0.0,-0.12,0.0,0.0,-0.12,0.0,0.0
7.62,20.82340459785041,-0.0,0.0,-6.875493541569878,0.0,0.0,0.86,0.0,0.0,0.0,1.0,0.0,0.0,-0.12,0.0,0.0,-0.12,0.0,0.0
7.6499999999999995,20.82491212322668,-0.0,0.0,-6.875493541569878,0.0,0.0,0.86,0.0,0.0,0.0,1.0,0.0,0.0,-0.12,0.0,0.0,-0.12,0.0,0.0
7.68,20.826370091176134,-0.0,0.0,-6.875493541569878,0.0,0.0,0.86,0.0,0.0,0.0,1.0,0.0,0.0,-0.12,0.0,0.0,-0.12,0.0,0.0
7.71,20.827726157650023,-0.0,0.0,-6.875493541569878,0.0,0.0,0.86,0.0,0.0,0.0,1.0,0.0,0.0,-0.12,0.0,0.0,-0.12,0.0,0.0
7.739999999999999,20.8289996921637,-0.0,0.0,-6.875493541569878,0.0,0.0,0.86,0.0,0.0,0.0,1.0,0.0,0.0,-0.12,0.0,0.0,-0.12,0.0,0.0
7.77,20.830250358766072,-0.0,0.0,-6.875493541569878,0.0,0.0,0.86,0.0,0.0,0.0,1.0,0.0,0.0,-0.12,0.0,0.0,-0.12,0.0,0.0
7.8,20.831531093795057,-0.0,0.0,-6.875493541569878,0.0,0.0,0.86,0.0,0.0,0.0,1.0,0.0,0.0,-0.12,0.0,0.0,-0.12,0.0,0.0
7.83,20.83285809093726,-0.0,0.0,-6.875493541569878,0.0,0.0,0.86,0.0,0.0,0.0,1.0,0.0,0.0,-0.12,0.0,0.0,-0.12,0.0,0.0
7.859999999999999,20.834211241024583,-0.0,0.0,-6.875493541569878,0.0,0.0,0.86,0.0,0.0,0.0,1.0,0.0,0.0,-0.12,0.0,0.0,-0.12,0.0,0.0
7.89,20.835556394866998,-0.0,0.0,-6.875493541569878,0.0,0.0,0.86,0.0,0.0,0.0,1.0,0.0,0.0,-0.12,0.0,0.0,-0.12,0.0,0.0
7.92,20.836869972189213,-0.0,0.0,-6.875493541569878,0.0,0.0,0.86,0.0,0.0,0.0,1.0,0.0,0.0,-0.12,0.0,0.0,-0.12,0.0,0.0
7.949999999999999,20.838150354146663,-0.0,0.0,-6.875493541569878,0.0,0.0,0.86,0.0,0.0,0.0,1.0,0.0,0.0,-0.12,0.0,0.0,-0.12,0.0,0.0
7.9799999999999995,20.83941278750112,-0.0,0.0,-6.875493541569878,0.0,0.0,0.86,0.0,0.0,0.0,1.0,0.0,0.0,-0.12,0.0,0.0,-0.12,0.0,0.0
8.01,20.84067544856462,-0.0,0.0,-6.875493541569878,0.0,0.0,0.86,0.0,0.0,0.0,1.0,0.0,0.0,-0.12,0.0,0.0,-0.12,0.0,0.0
8.04,20.841947592277336,-0.0,0.0,-6.875493541569878,0.0,0.0,0.86,0.0,0.0,0.0,1.0,0.0,0.0,-0.12,0.0,0.0,-0.12,0.0,0.0
8.07,20.843220043203527,-0.0,0.0,-6.875493541569878,0.0,0.0,0.86,0.0,0.0,0.0,1.0,0.0,0.0,-0.12,0.0,0.0,-0.12,0.0,0.0
8.1,20.84446920735018,-0.0,0.0,-6.875493541569878,0.0,0.0,0.86,0.0,0.0,0.0,1.0,0.0,0.0,-0.12,0.0,0.0,-0.12,0.0,0.0
8.129999999999999,20.8456876064432,-0.0,0.0,-6.875493541569878,0.0,0.0,0.86,0.0,0.0,0.0,1.0,0.0,0.0,-0.12,0.0,0.0,-0.12,0.0,0.0
8.16,20.846883981911677,-0.0,0.0,-6.875493541569878,0.0,0.0,0.86,0.0,0.0,0.0,1.0,0.0,0.0,-0.12,0.0,0.0,-0.12,0.0,0.0
8.19,20.84807343034928,-0.0,0.0,-6.875493541569878,0.0,0.0,0.86,0.0,0.0,0.0,1.0,0.0,0.0,-0.12,0.0,0.0,-0.12,0.0,0.0
8.219999999999999,20.849266395078594,-0.0,0.0,-6.875493541569878,0.0,0.0,0.86,0.0,0.0,0.0,1.0,0.0,0.0,-0.12,0.0,0.0,-0.12,0.0,0.0
8.25,20.85046359432754,-0.0,0.0,-6.875493541569878,0.0,0.0,0.86,0.0,0.0,0.0,1.0,0.0,0.0,-0.12,0.0,0.0,-0.12,0.0,0.0
8.28,20.851658350368425,-0.0,0.0,-6.875493541569878,0.0,0.0,0.86,0.0,0.0,0.0,1.0,0.0,0.0,-0.12,0.0,0.0,-0.12,0.0,0.0
8.31,20.8528428204102,-0.0,0.0,-6.875493541569878,0.0,0.0,0.86,0.0,0.0,0.0,1.0,0.0,0.0,-0.12,0.0,0.0,-0.12,0.0,0.0
8.34,20.85401319852375,-0.0,0.0,-6.875493541569878,0.0,0.0,0.86,0.0,0.0,0.0,1.0,0.0,0.0,-0.12,0.0,0.0,-0.12,0.0,0.0
8.37,20.855170966098434,-0.0,0.0,-6.875493541569878,0.0,0.0,0.86,0.0,0.0,0.0,1.0,0.0,0.0,-0.12,0.0,0.0,-0.12,0.0,0.0
8.4,20.856320524268693,-0.0,0.0,-6.875493541569878,0.0,0.0,0.86,0.0,0.0,0.0,1.0,0.0,0.0,-0.12,0.0,0.0,-0.12,0.0,0.0
8.43,20.857465686237354,-0.0,0.0,-6.875493541569878,0.0,0.0,0.86,0.0,0.0,0.0,1.0,0.0,0.0,-0.12,0.0,0.0,-0.12,0.0,0.0
8.459999999999999,20.858607520926746,-0.0,0.0,-6.875493541569878,0.0,0.0,0.86,0.0,0.0,0.0,1.0,0.0,0.0,-0.12,0.0,0.0,-0.12,0.0,0.0
8.49,20.859744505073657,-0.0,0.0,-6.875493541569878,0.0,0.0,0.86,0.0,0.0,0.0,1.0,0.0,0.0,-0.12,0.0,0.0,-0.12,0.0,0.0
8.52,20.860874240796846,-0.0,0.0,-6.875493541569878,0.0,0.0,0.86,0.0,0.0,0.0,1.0,0.0,0.0,-0.12,0.0,0.0,-0.12,0.0,0.0
8.549999999999999,20.861995231728173,-0.0,0.0,-6.875493541569878,0.0,0.0,0.86,0.0,0.0,0.0,1.0,0.0,0.0,-0.12,0.0,0.0,-0.12,0.0,0.0
8.58,20.863107597131435,-0.0,0.0,-6.875493541569878,0.0,0.0,0.86,0.0,0.0,0.0,1.0,0.0,0.0,-0.12,0.0,0.0,-0.12,0.0,0.0
8.61,20.864212578882803,-0.0,0.0,-6.875493541569878,0.0,0.0,0.86,0.0,0.0,0.0,1.0,0.0,0.0,-0.12,0.0,0.0,-0.12,0.0,0.0
8.64,20.865311488763503,-0.0,0.0,-6.875493541569878,0.0,0.0,0.86,0.0,0.0,0.0,1.0,0.0,0.0,-0.12,0.0,0.0,-0.12,0.0,0.0
8.67,20.866404910246278,-0.0,0.0,-6.875493541569878,0.0,0.0,0.86,0.0,0.0,0.0,1.0,0.0,0.0,-0.12,0.0,0.0,-0.12,0.0,0.0
8.7,20.867492580905367,-0.0,0.0,-6.875493541569878,0.0,0.0,0.86,0.0,0.0,0.0,1.0,0.0,0.0,-0.12,0.0,0.0,-0.12,0.0,0.0
8.73,20.868573836458108,-0.0,0.0,-6.875493541569878,0.0,0.0,0.86,0.0,0.0,0.0,1.0,0.0,0.0,-0.12,0.0,0.0,-0.12,0.0,0.0
8.76,20.869648180005402,-0.0,0.0,-6.875493541569878,0.0,0.0,0.86,0.0,0.0,0.0,1.0,0.0,0.0,-0.12,0.0,0.0,-0.12,0.0,0.0
8.79,20.87071558495411,-0.0,0.0,-6.875493541569878,0.0,0.0,0.86,0.0,0.0,0.0,1.0,0.0,0.0,-0.12,0.0,0.0,-0.12,0.0,0.0
8.82,20.87177641746166,-0.0,0.0,-6.875493541569878,0.0,0.0,0.86,0.0,0.0,0.0,1.0,0.0,0.0,-0.12,0.0,0.0,-0.12,0.0,0.0
8.85,20.872831134900384,-0.0,0.0,-6.875493541569878,0.0,0.0,0.86,0.0,0.0,0.0,1.0,0.0,0.0,-0.12,0.0,0.0,-0.12,0.0,0.0
8.879999999999999,20.87388001296943,-0.0,0.0,-6.875493541569878,0.0,0.0,0.86,0.0,0.0,0.0,1.0,0.0,0.0,-0.12,0.0,0.0,-0.12,0.0,0.0
8.91,20.874923064537235,-0.0,0.0,-6.875493541569878,0.0,0.0,0.86,0.0,0.0,0.0,1.0,0.0,0.0,-0.12,0.0,0.0,-0.12,0.0,0.0
8.94,20.8759601466703,-0.0,0.0,-6.875493541569878,0.0,0.0,0.86,0.0,0.0,0.0,1.0,0.0,0.0,-0.12,0.0,0.0,-0.12,0.0,0.0
8.969999999999999,20.876991135063538,-0.0,0.0,-6.875493541569878,0.0,0.0,0.86,0.0,0.0,0.0,1.0,0.0,0.0,-0.12,0.0,0.0,-0.12,0.0,0.0
9.0,20.878016037006898,-0.0,0.0,-6.875493541569878,0.0,0.0,0.86,0.0,0.0,0.0,1.0,0.0,0.0,-0.12,0.0,0.0,-0.12,0.0,0.0
9.03,20.879034989317855,-0.0,0.0,-6.875493541569878,0.0,0.0,0.86,0.0,0.0,0.0,1.0,0.0,0.0,-0.12,0.0,0.0,-0.12,0.0,0.0
9.06,20.880048175331126,-0.0,0.0,-6.875493541569878,0.0,0.0,0.86,0.0,0.0,0.0,1.0,0.0,0.0,-0.12,0.0,0.0,-0.12,0.0,0.0
9.09,20.88105573632799,-0.0,0.0,-6.875493541569878,0.0,0.0,0.86,0.0,0.0,0.0,1.0,0.0,0.0,-0.12,0.0,0.0,-0.12,0.0,0.0
9.12,20.882057734823057,-0.0,0.0,-6.875493541569878,0.0,0.0,0.86,0.0,0.0,0.0,1.0,0.0,0.0,-0.12,0.0,0.0,-0.12,0.0,0.0
9.15,20.88305417805093,-0.0,0.0,-6.875493541569878,0.0,0.0,0.86,0.0,0.0,0.0,1.0,0.0,0.0,-0.12,0.0,0.0,-0.12,0.0,0.0
9.18,20.884045069623916,-0.0,0.0,-6.875493541569878,0.0,0.0,0.86,0.0,0.0,0.0,1.0,0.0,0.0,-0.12,0.0,0.0,-0.12,0.0,0.0
9.209999999999999,20.885030448683555,-0.0,0.0,-6.875493541569878,0.0,0.0,0.86,0.0,0.0,0.0,1.0,0.0,0.0,-0.12,0.0,0.0,-0.12,0.0,0.0
9.24,20.88601039538759,-0.0,0.0,-6.875493541569878,0.0,0.0,0.86,0.0,0.0,0.0,1.0,0.0,0.0,-0.12,0.0,0.0,-0.12,0.0,0.0
9.27,20.886985008900787,-0.0,0.0,-6.875493541569878,0.0,0.0,0.86,0.0,0.0,0.0,1.0,0.0,0.0,-0.12,0.0,0.0,-0.12,0.0,0.0
9.299999999999999,20.887954379683915,-0.0,0.0,-6.875493541569878,0.0,0.0,0.86,0.0,0.0,0.0,1.0,0.0,0.0,-0.12,0.0,0.0,-0.12,0.0,0.0
9.33,20.888918575246304,-0.0,0.0,-6.875493541569878,0.0,0.0,0.86,0.0,0.0,0.0,1.0,0.0,0.0,-0.12,0.0,0.0,-0.12,0.0,0.0
9.36,20.889877644517224,-0.0,0.0,-6.875493541569878,0.0,0.0,0.86,0.0,0.0,0.0,1.0,0.0,0.0,-0.12,0.0,0.0,-0.12,0.0,0.0
9.389999999999999,20.89083163272327,-0.0,0.0,-6.875493541569878,0.0,0.0,0.86,0.0,0.0,0.0,1.0,0.0,0.0,-0.12,0.0,0.0,-0.12,0.0,0.0
9.42,20.891780594327937,-0.0,0.0,-6.875493541569878,0.0,0.0,0.86,0.0,0.0,0.0,1.0,0.0,0.0,-0.12,0.0,0.0,-0.12,0.0,0.0
9.45,20.892724596386973,-0.0,0.0,-6.875493541569878,0.0,0.0,0.86,0.0,0.0,0.0,1.0,0.0,0.0,-0.12,0.0,0.0,-0.12,0.0,0.0
9.48,20.89366371294456,-0.0,0.0,-6.875493541569878,0.0,0.0,0.86,0.0,0.0,0.0,1.0,0.0,0.0,-0.12,0.0,0.0,-0.12,0.0,0.0
9.51,20.894598016599076,-0.0,0.0,-6.875493541569878,0.0,0.0,0.86,0.0,0.0,0.0,1.0,0.0,0.0,-0.12,0.0,0.0,-0.12,0.0,0.0
9.54,20.89552757340186,-0.0,0.0,-6.875493541569878,0.0,0.0,0.86,0.0,0.0,0.0,1.0,0.0,0.0,-0.12,0.0,0.0,-0.12,0.0,0.0
9.57,20.896452443365924,-0.0,0.0,-6.875493541569878,0.0,0.0,0.86,0.0,0.0,0.0,1.0,0.0,0.0,-0.12,0.0,0.0,-0.12,0.0,0.0
9.6,20.897372684643848,-0.0,0.0,-6.875493541569878,0.0,0.0,0.86,0.0,0.0,0.0,1.0,0.0,0.0,-0.12,0.0,0.0,-0.12,0.0,0.0
9.629999999999999,20.898288357663162,-0.0,0.0,-6.875493541569878,0.0,0.0,0.86,0.0,0.0,0.0,1.0,0.0,0.0,-0.12,0.0,0.0,-0.12,0.0,0.0
9.66,20.899199526601926,-0.0,0.0,-6.875493541569878,0.0,0.0,0.86,0.0,0.0,0.0,1.0,0.0,0.0,-0.12,0.0,0.0,-0.12,0.0,0.0
9.69,20.900106258032018,-0.0,0.0,-6.875493541569878,0.0,0.0,0.86,0.0,0.0,0.0,1.0,0.0,0.0,-0.12,0.0,0.0,-0.12,0.0,0.0
9.719999999999999,20.9010086184074,-0.0,0.0,-6.875493541569878,0.0,0.0,0.86,0.0,0.0,0.0,1.0,0.0,0.0,-0.12,0.0,0.0,-0.12,0.0,0.0
9.75,20.90190667232531,-0.0,0.0,-6.875493541569878,0.0,0.0,0.86,0.0,0.0,0.0,1.0,0.0,0.0,-0.12,0.0,0.0,-0.12,0.0,0.0
9.78,20.902800482441197,-0.0,0.0,-6.875493541569878,0.0,0.0,0.86,0.0,0.0,0.0,1.0,0.0,0.0,-0.12,0.0,0.0,-0.12,0.0,0.0
9.81,20.903690110611787,-0.0,0.0,-6.875493541569878,0.0,0.0,0.86,0.0,0.0,0.0,1.0,0.0,0.0,-0.12,0.0,0.0,-0.12,0.0,0.0
9.84,20.904575619182516,-0.0,0.0,-6.875493541569878,0.0,0.0,0.86,0.0,0.0,0.0,1.0,0.0,0.0,-0.12,0.0,0.0,-0.12,0.0,0.0
9.87,20.90545707155667,-0.0,0.0,-6.875493541569878,0.0,0.0,0.86,0.0,0.0,0.0,1.0,0.0,0.0,-0.12,0.0,0.0,-0.12,0.0,0.0
9.9,20.906334531889577,-0.0,0.0,-6.875493541569878,0.0,0.0,0.86,0.0,0.0,0.0,1.0,0.0,0.0,-0.12,0.0,0.0,-0.12,0.0,0.0
9.93,20.90720806435362,-0.0,0.0,-6.875493541569878,0.0,0.0,0.86,0.0,0.0,0.0,1.0,0.0,0.0,-0.12,0.0,0.0,-0.12,0.0,0.0
9.959999999999999,20.908077732564088,-0.0,0.0,-6.875493541569878,0.0,0.0,0.86,0.0,0.0,0.0,1.0,0.0,0.0,-0.12,0.0,0.0,-0.12,0.0,0.0
9.99,20.908943599482505,-0.0,0.0,-6.875493541569878,0.0,0.0,0.86,0.0,0.0,0.0,1.0,0.0,0.0,-0.12,0.0,0.0,-0.12,0.0,0.0
10.02,20.909805727719405,-0.0,0.0,-6.875493541569878,0.0,0.0,0.86,0.0,0.0,0.0,1.0,0.0,0.0,-0.12,0.0,0.0,-0.12,0.0,0.0
10.049999999999999,20.910664179925494,-0.0,0.0,-6.875493541569878,0.0,0.0,0.86,0.0,0.0,0.0,1.0,0.0,0.0,-0.12,0.0,0.0,-0.12,0.0,0.0
10.08,20.911519018995392,-0.0,0.0,-6.875493541569878,0.0,0.0,0.86,0.0,0.0,0.0,1.0,0.0,0.0,-0.12,0.0,0.0,-0.12,0.0,0.0
10.11,20.91237030800573,-0.0,0.0,-6.875493541569878,0.0,0.0,0.86,0.0,0.0,0.0,1.0,0.0,0.0,-0.12,0.0,0.0,-0.12,0.0,0.0
10.139999999999999,20.91321811000284,-0.0,0.0,-6.875493541569878,0.0,0.0,0.86,0.0,0.0,0.0,1.0,0.0,0.0,-0.12,0.0,0.0,-0.12,0.0,0.0
10.17,20.91406248781622,-0.0,0.0,-6.875493541569878,0.0,0.0,0.86,0.0,0.0,0.0,1.0,0.0,0.0,-0.12,0.0,0.0,-0.12,0.0,0.0
10.2,20.914903504007516,-0.0,0.0,-6.875493541569878,0.0,0.0,0.86,0.0,0.0,0.0,1.0,0.0,0.0,-0.12,0.0,0.0,-0.12,0.0,0.0
10.23,20.91574122094604,-0.0,0.0,-6.875493541569878,0.0,0.0,0.86,0.0,0.0,0.0,1.0,0.0,0.0,-0.12,0.0,0.0,-0.12,0.0,0.0
10.26,20.91657570092429,-0.0,0.0,-6.875493541569878,0.0,0.0,0.86,0.0,0.0,0.0,1.0,0.0,0.0,-0.12,0.0,0.0,-0.12,0.0,0.0
10.29,20.917407006226203,-0.0,0.0,-6.875493541569878,0.0,0.0,0.86,0.0,0.0,0.0,1.0,0.0,0.0,-0.12,0.0,0.0,-0.12,0.0,0.0
10.32,20.918235199116594,-0.0,0.0,-6.875493541569878,0.0,0.0,0.86,0.0,0.0,0.0,1.0,0.0,0.0,-0.12,0.0,0.0,-0.12,0.0,0.0
10.35,20.919060341779478,-0.0,0.0,-6.875493541569878,0.0,0.0,0.86,0.0,0.0,0.0,1.0,0.0,0.0,-0.12,0.0,0.0,-0.12,0.0,0.0
10.379999999999999,20.91988249625728,-0.0,0.0,-6.875493541569878,0.0,0.0,0.86,0.0,0.0,0.0,1.0,0.0,0.0,-0.12,0.0,0.0,-0.12,0.0,0.0
10.41,20.92070172442745,-0.0,0.0,-6.875493541569878,0.0,0.0,0.86,0.0,0.0,0.0,1.0,0.0,0.0,-0.12,0.0,0.0,-0.12,0.0,0.0
10.44,20.921518088018924,-0.0,0.0,-6.875493541569878,0.0,0.0,0.86,0.0,0.0,0.0,1.0,0.0,0.0,-0.12,0.0,0.0,-0.12,0.0,0.0
10.469999999999999,20.922331648643897,-0.0,0.0,-6.875493541569878,0.0,0.0,0.86,0.0,0.0,0.0,1.0,0.0,0.0,-0.12,0.0,0.0,-0.12,0.0,0.0
10.5,20.923142467818792,-0.0,0.0,-6.875493541569878,0.0,0.0,0.86,0.0,0.0,0.0,1.0,0.0,0.0,-0.12,0.0,0.0,-0.12,0.0,0.0
10.53,20.923950606962165,-0.0,0.0,-6.875493541569878,0.0,0.0,0.86,0.0,0.0,0.0,1.0,0.0,0.0,-0.12,0.0,0.0,-0.12,0.0,0.0
10.559999999999999,20.924756127375556,-0.0,0.0,-6.875493541569878,0.0,0.0,0.86,0.0,0.0,0.0,1.0,0.0,0.0,-0.12,0.0,0.0,-0.12,0.0,0.0
10.59,20.92555909022274,-0.0,0.0,-6.875493541569878,0.0,0.0,0.86,0.0,0.0,0.0,1.0,0.0,0.0,-0.12,0.0,0.0,-0.12,0.0,0.0
10.62,20.926359556518925,-0.0,0.0,-6.875493541569878,0.0,0.0,0.86,0.0,0.0,0.0,1.0,0.0,0.0,-0.12,0.0,0.0,-0.12,0.0,0.0
10.65,20.927157587132083,-0.0,0.0,-6.875493541569878,0.0,0.0,0.86,0.0,0.0,0.0,1.0,0.0,0.0,-0.12,0.0,0.0,-0.12,0.0,0.0
10.68,20.927953242790135,-0.0,0.0,-6.875493541569878,0.0,0.0,0.86,0.0,0.0,0.0,1.0,0.0,0.0,-0.12,0.0,0.0,-0.12,0.0,0.0
10.709999999999999,20.928746584085797,-0.0,0.0,-6.875493541569878,0.0,0.0,0.86,0.0,0.0,0.0,1.0,0.0,0.0,-0.12,0.0,0.0,-0.12,0.0,0.0
10.74,20.929537671474815,-0.0,0.0,-6.875493541569878,0.0,0.0,0.86,0.0,0.0,0.0,1.0,0.0,0.0,-0.12,0.0,0.0,-0.12,0.0,0.0
10.77,20.930326565268885,-0.0,0.0,-6.875493541569878,0.0,0.0,0.86,0.0,0.0,0.0,1.0,0.0,0.0,-0.12,0.0,0.0,-0.12,0.0,0.0
10.799999999999999,20.931113325627134,-0.0,0.0,-6.875493541569878,0.0,0.0,0.86,0.0,0.0,0.0,1.0,0.0,0.0,-0.12,0.0,0.0,-0.12,0.0,0.0
10.83,20.93189801255041,-0.0,0.0,-6.875493541569878,0.0,0.0,0.86,0.0,0.0,0.0,1.0,0.0,0.0,-0.12,0.0,0.0,-0.12,0.0,0.0
10.86,20.93268068587905,-0.0,0.0,-6.875493541569878,0.0,0.0,0.86,0.0,0.0,0.0,1.0,0.0,0.0,-0.12,0.0,0.0,-0.12,0.0,0.0
10.889999999999999,20.933461405293084,-0.0,0.0,-6.875493541569878,0.0,0.0,0.86,0.0,0.0,0.0,1.0,0.0,0.0,-0.12,0.0,0.0,-0.12,0.0,0.0
10.92,20.934240230311513,-0.0,0.0,-6.875493541569878,0.0,0.0,0.86,0.0,0.0,0.0,1.0,0.0,0.0,-0.12,0.0,0.0,-0.12,0.0,0.0
10.95,20.935017220290288,-0.0,0.0,-6.875493541569878,0.0,0.0,0.86,0.0,0.0,0.0,1.0,0.0,0.0,-0.12,0.0,0.0,-0.12,0.0,0.0
10.98,20.935792434418204,-0.0,0.0,-6.875493541569878,0.0,0.0,0.86,0.0,0.0,0.0,1.0,0.0,0.0,-0.12,0.0,0.0,-0.12,0.0,0.0
11.01,20.936565931712316,-0.0,0.0,-6.875493541569878,0.0,0.0,0.86,0.0,0.0,0.0,1.0,0.0,0.0,-0.12,0.0,0.0,-0.12,0.0,0.0
11.04,20.937337771014064,-0.0,0.0,-6.875493541569878,0.0,0.0,0.86,0.0,0.0,0.0,1.0,0.0,0.0,-0.12,0.0,0.0,-0.12,0.0,0.0
11.07,20.938108010986657,-0.0,0.0,-6.875493541569878,0.0,0.0,0.86,0.0,0.0,0.0,1.0,0.0,0.0,-0.12,0.0,0.0,-0.12,0.0,0.0
11.1,20.938876710112766,-0.0,0.0,-6.875493541569878,0.0,0.0,0.86,0.0,0.0,0.0,1.0,0.0,0.0,-0.12,0.0,0.0,-0.12,0.0,0.0
11.129999999999999,20.939643926692483,-0.0,0.0,-6.875493541569878,0.0,0.0,0.86,0.0,0.0,0.0,1.0,0.0,0.0,-0.12,0.0,0.0,-0.12,0.0,0.0
11.16,20.940409718840655,-0.0,0.0,-6.875493541569878,0.0,0.0,0.86,0.0,0.0,0.0,1.0,0.0,0.0,-0.12,0.0,0.0,-0.12,0.0,0.0
11.19,20.941174144483863,-0.0,0.0,-6.875493541569878,0.0,0.0,0.86,0.0,0.0,0.0,1.0,0.0,0.0,-0.12,0.0,0.0,-0.12,0.0,0.0
11.219999999999999,20.94193726135699,-0.0,0.0,-6.875493541569878,0.0,0.0,0.86,0.0,0.0,0.0,1.0,0.0,0.0,-0.12,0.0,0.0,-0.12,0.0,0.0
11.25,20.942699127000036,-0.0,0.0,-6.875493541569878,0.0,0.0,0.86,0.0,0.0,0.0,1.0,0.0,0.0,-0.12,0.0,0.0,-0.12,0.0,0.0
11.28,20.943459798755303,-0.0,0.0,-6.875493541569878,0.0,0.0,0.86,0.0,0.0,0.0,1.0,0.0,0.0,-0.12,0.0,0.0,-0.12,0.0,0.0
11.309999999999999,20.94421933376466,-0.0,0.0,-6.875493541569878,0.0,0.0,0.86,0.0,0.0,0.0,1.0,0.0,0.0,-0.12,0.0,0.0,-0.12,0.0,0.0
11.34,20.944977788966938,-0.0,0.0,-6.875493541569878,0.0,0.0,0.86,0.0,0.0,0.0,1.0,0.0,0.0,-0.12,0.0,0.0,-0.12,0.0,0.0
11.37,20.945735221095216,-0.0,0.0,-6.875493541569878,0.0,0.0,0.86,0.0,0.0,0.0,1.0,0.0,0.0,-0.12,0.0,0.0,-0.12,0.0,0.0
11.4,20.946491686673856,-0.0,0.0,-6.875493541569878,0.0,0.0,0.86,0.0,0.0,0.0,1.0,0.0,0.0,-0.12,0.0,0.0,-0.12,0.0,0.0
11.43,20.947247242015575,-0.0,0.0,-6.875493541569878,0.0,0.0,0.86,0.0,0.0,0.0,1.0,0.0,0.0,-0.12,0.0,0.0,-0.12,0.0,0.0
11.459999999999999,20.948001943218557,-0.0,0.0,-6.875493541569878,0.0,0.0,0.86,0.0,0.0,0.0,1.0,0.0,0.0,-0.12,0.0,0.0,-0.12,0.0,0.0
11.49,20.948755846163472,-0.0,0.0,-6.875493541569878,0.0,0.0,0.86,0.0,0.0,0.0,1.0,0.0,0.0,-0.12,0.0,0.0,-0.12,0.0,0.0
11.52,20.949509006510848,-0.0,0.0,-6.875493541569878,0.0,0.0,0.86,0.0,0.0,0.0,1.0,0.0,0.0,-0.12,0.0,0.0,-0.12,0.0,0.0
11.549999999999999,20.95026147969814,-0.0,0.0,-6.875493541569878,0.0,0.0,0.86,0.0,0.0,0.0,1.0,0.0,0.0,-0.12,0.0,0.0,-0.12,0.0,0.0
11.58,20.951013320937108,-0.0,0.0,-6.875493541569878,0.0,0.0,0.86,0.0,0.0,0.0,1.0,0.0,0.0,-0.12,0.0,0.0,-0.12,0.0,0.0
11.61,20.951764585210782,-0.0,0.0,-6.875493541569878,0.0,0.0,0.86,0.0,0.0,0.0,1.0,0.0,0.0,-0.12,0.0,0.0,-0.12,0.0,0.0
11.639999999999999,20.952515327270785,-0.0,0.0,-6.875493541569878,0.0,0.0,0.86,0.0,0.0,0.0,1.0,0.0,0.0,-0.12,0.0,0.0,-0.12,0.0,0.0
11.67,20.9532656016345,-0.0,0.0,-6.875493541569878,0.0,0.0,0.86,0.0,0.0,0.0,1.0,0.0,0.0,-0.12,0.0,0.0,-0.12,0.0,0.0
11.7,20.954015462582166,-0.0,0.0,-6.875493541569878,0.0,0.0,0.86,0.0,0.0,0.0,1.0,0.0,0.0,-0.12,0.0,0.0,-0.12,0.0,0.0
11.73,20.954764964154123,-0.0,0.0,-6.875493541569878,0.0,0.0,0.86,0.0,0.0,0.0,1.0,0.0,0.0,-0.12,0.0,0.0,-0.12,0.0,0.0
11.76,20.955514160147874,-0.0,0.0,-6.875493541569878,0.0,0.0,0.86,0.0,0.0,0.0,1.0,0.0,0.0,-0.12,0.0,0.0,-0.12,0.0,0.0
11.79,20.956263104115504,-0.0,0.0,-6.875493541569878,0.0,0.0,0.86,0.0,0.0,0.0,1.0,0.0,0.0,-0.12,0.0,0.0,-0.12,0.0,0.0
11.82,20.95701184936076,-0.0,0.0,-6.875493541569878,0.0,0.0,0.86,0.0,0.0,0.0,1.0,0.0,0.0,-0.12,0.0,0.0,-0.12,0.0,0.0
11.85,20.95776044893629,-0.0,0.0,-6.875493541569878,0.0,0.0,0.86,0.0,0.0,0.0,1.0,0.0,0.0,-0.12,0.0,0.0,-0.12,0.0,0.0
11.879999999999999,20.958508955640898,-0.0,0.0,-6.875493541569878,0.0,0.0,0.86,0.0,0.0,0.0,1.0,0.0,0.0,-0.12,0.0,0.0,-0.12,0.0,0.0
11.91,20.959257422016538,-0.0,0.0,-6.875493541569878,0.0,0.0,0.86,0.0,0.0,0.0,1.0,0.0,0.0,-0.12,0.0,0.0,-0.12,0.0,0.0
11.94,20.960005900345664,-0.0,0.0,-6.875493541569878,0.0,0.0,0.86,0.0,0.0,0.0,1.0,0.0,0.0,-0.12,0.0,0.0,-0.12,0.0,0.0
11.969999999999999,20.960754442648543,-0.0,0.0,-6.875493541569878,0.0,0.0,0.86,0.0,0.0,0.0,1.0,0.0,0.0,-0.12,0.0,0.0,-0.12,0.0,0.0
12.0,20.961503100680257,-0.0,0.0,-6.875493541569878,0.0,0.0,0.86,0.0,0.0,0.0,1.0,0.0,0.0,-0.12,0.0,0.0,-0.12,0.0,0.0
12.03,20.962251925928015,-0.0,0.0,-6.875493541569878,0.0,0.0,0.86,0.0,0.0,0.0,1.0,0.0,0.0,-0.12,0.0,0.0,-0.12,0.0,0.0
12.059999999999999,20.96300096960832,-0.0,0.0,-6.875493541569878,0.0,0.0,0.86,0.0,0.0,0.0,1.0,0.0,0.0,-0.12,0.0,0.0,-0.12,0.0,0.0
12.09,20.963750282664222,-0.0,0.0,-6.875493541569878,0.0,0.0,0.86,0.0,0.0,0.0,1.0,0.0,0.0,-0.12,0.0,0.0,-0.12,0.0,0.0
12.12,20.964499915762577,-0.0,0.0,-6.875493541569878,0.0,0.0,0.86,0.0,0.0,0.0,1.0,0.0,0.0,-0.12,0.0,0.0,-0.12,0.0,0.0
12.15,20.965249919291246,-0.0,0.0,-6.875493541569878,0.0,0.0,0.86,0.0,0.0,0.0,1.0,0.0,0.0,-0.12,0.0,0.0,-0.12,0.0,0.0
12.18,20.966000343356082,-0.0,0.0,-6.875493541569878,0.0,0.0,0.86,0.0,0.0,0.0,1.0,0.0,0.0,-0.12,0.0,0.0,-0.12,0.0,0.0
12.209999999999999,20.966751237778347,-0.0,0.0,-6.875493541569878,0.0,0.0,0.86,0.0,0.0,0.0,1.0,0.0,0.0,-0.12,0.0,0.0,-0.12,0.0,0.0
12.24,20.967502652091895,-0.0,0.0,-6.875493541569878,0.0,0.0,0.86,0.0,0.0,0.0,1.0,0.0,0.0,-0.12,0.0,0.0,-0.12,0.0,0.0
12.27,20.9682546355405,-0.0,0.0,-6.875493541569878,0.0,0.0,0.86,0.0,0.0,0.0,1.0,0.0,0.0,-0.12,0.0,0.0,-0.12,0.0,0.0
12.299999999999999,20.969007237074873,-0.0,0.0,-6.875493541569878,0.0,0.0,0.86,0.0,0.0,0.0,1.0,0.0,0.0,-0.12,0.0,0.0,-0.12,0.0,0.0
12.33,20.96976050534988,-0.0,0.0,-6.875493541569878,0.0,0.0,0.86,0.0,0.0,0.0,1.0,0.0,0.0,-0.12,0.0,0.0,-0.12,0.0,0.0
12.36,20.970514488721822,-0.0,0.0,-6.875493541569878,0.0,0.0,0.86,0.0,0.0,0.0,1.0,0.0,0.0,-0.12,0.0,0.0,-0.12,0.0,0.0
12.389999999999999,20.971269235245707,-0.0,0.0,-6.875493541569878,0.0,0.0,0.86,0.0,0.0,0.0,1.0,0.0,0.0,-0.12,0.0,0.0,-0.12,0.0,0.0
12.42,20.972024792672244,-0.0,0.0,-6.875493541569878,0.0,0.0,0.86,0.0,0.0,0.0,1.0,0.0,0.0,-0.12,0.0,0.0,-0.12,0.0,0.0
12.45,20.97278120844531,-0.0,0.0,-6.875493541569878,0.0,0.0,0.86,0.0,0.0,0.0,1.0,0.0,0.0,-0.12,0.0,0.0,-0.12,0.0,0.0
12.48,20.973538529698917,-0.0,0.0,-6.875493541569878,0.0,0.0,0.86,0.0,0.0,0.0,1.0,0.0,0.0,-0.12,0.0,0.0,-0.12,0.0,0.0
12.51,20.97429680325454,-0.0,0.0,-6.875493541569878,0.0,0.0,0.86,0.0,0.0,0.0,1.0,0.0,0.0,-0.12,0.0,0.0,-0.12,0.0,0.0
12.54,20.975056075618262,-0.0,0.0,-6.875493541569878,0.0,0.0,0.86,0.0,0.0,0.0,1.0,0.0,0.0,-0.12,0.0,0.0,-0.12,0.0,0.0
12.57,20.975816392977993,-0.0,0.0,-6.875493541569878,0.0,0.0,0.86,0.0,0.0,0.0,1.0,0.0,0.0,-0.12,0.0,0.0,-0.12,0.0,0.0
12.6,20.976577801200754,-0.0,0.0,-6.875493541569878,0.0,0.0,0.86,0.0,0.0,0.0,1.0,0.0,0.0,-0.12,0.0,0.0,-0.12,0.0,0.0
12.629999999999999,20.977340345829614,-0.0,0.0,-6.875493541569878,0.0,0.0,0.86,0.0,0.0,0.0,1.0,0.0,0.0,-0.12,0.0,0.0,-0.12,0.0,0.0
12.66,20.978104072081074,-0.0,0.0,-6.875493541569878,0.0,0.0,0.86,0.0,0.0,0.0,1.0,0.0,0.0,-0.12,0.0,0.0,-0.12,0.0,0.0
12.69,20.978869024842275,-0.0,0.0,-6.875493541569878,0.0,0.0,0.86,0.0,0.0,0.0,1.0,0.0,0.0,-0.12,0.0,0.0,-0.12,0.0,0.0
12.719999999999999,20.979635248668046,-0.0,0.0,-6.875493541569878,0.0,0.0,0.86,0.0,0.0,0.0,1.0,0.0,0.0,-0.12,0.0,0.0,-0.12,0.0,0.0
12.75,20.980402787778164,-0.0,0.0,-6.875493541569878,0.0,0.0,0.86,0.0,0.0,0.0,1.0,0.0,0.0,-0.12,0.0,0.0,-0.12,0.0,0.0
12.78,20.981171686054537,-0.0,0.0,-6.875493541569878,0.0,0.0,0.86,0.0,0.0,0.0,1.0,0.0,0.0,-0.12,0.0,0.0,-0.12,0.0,0.0
12.809999999999999,20.981941987038216,-0.0,0.0,-6.875493541569878,0.0,0.0,0.86,0.0,0.0,0.0,1.0,0.0,0.0,-0.12,0.0,0.0,-0.12,0.0,0.0
12.84,20.98271373392679,-0.0,0.0,-6.875493541569878,0.0,0.0,0.86,0.0,0.0,0.0,1.0,0.0,0.0,-0.12,0.0,0.0,-0.12,0.0,0.0
12.87,20.983486969571448,-0.0,0.0,-6.875493541569878,0.0,0.0,0.86,0.0,0.0,0.0,1.0,0.0,0.0,-0.12,0.0,0.0,-0.12,0.0,0.0
12.9,20.984261736474103,-0.0,0.0,-6.875493541569878,0.0,0.0,0.86,0.0,0.0,0.0,1.0,0.0,0.0,-0.12,0.0,0.0,-0.12,0.0,0.0
12.93,20.98503807678461,-0.0,0.0,-6.875493541569878,0.0,0.0,0.86,0.0,0.0,0.0,1.0,0.0,0.0,-0.12,0.0,0.0,-0.12,0.0,0.0
12.959999999999999,20.985816032297713,-0.0,0.0,-6.875493541569878,0.0,0.0,0.86,0.0,0.0,0.0,1.0,0.0,0.0,-0.12,0.0,0.0,-0.12,0.0,0.0
12.99,20.986595644450585,-0.0,0.0,-6.875493541569878,0.0,0.0,0.86,0.0,0.0,0.0,1.0,0.0,0.0,-0.12,0.0,0.0,-0.12,0.0,0.0
13.02,20.98737695431963,-0.0,0.0,-6.875493541569878,0.0,0.0,0.86,0.0,0.0,0.0,1.0,0.0,0.0,-0.12,0.0,0.0,-0.12,0.0,0.0
13.049999999999999,20.98816000261769,-0.0,0.0,-6.875493541569878,0.0,0.0,0.86,0.0,0.0,0.0,1.0,0.0,0.0,-0.12,0.0,0.0,-0.12,0.0,0.0
13.08,20.94742617245183,-0.0,0.0,-6.875493541569878,0.0,0.0,0.86,0.0,0.0,0.0,1.0,0.0,0.0,-0.12,0.0,0.0,-0.12,0.0,0.0
13.11,20.899424990483478,-0.0,0.0,-6.875493541569878,0.0,0.0,0.86,0.0,0.0,0.0,1.0,0.0,0.0,-0.12,0.0,0.0,-0.12,0.0,0.0
13.139999999999999,20.872530187071312,-0.0,0.0,-6.875493541569878,0.0,0.0,0.86,0.0,0.0,0.0,1.0,0.0,0.0,-0.12,0.0,0.0,-0.12,0.0,0.0
13.17,20.874406259000057,-0.0,0.0,-6.875493541569878,0.0,0.0,0.86,0.0,0.0,0.0,1.0,0.0,0.0,-0.12,0.0,0.0,-0.12,0.0,0.0
13.2,20.893817025904344,-0.0,0.0,-6.875493541569878,0.0,0.0,0.86,0.0,0.0,0.0,1.0,0.0,0.0,-0.12,0.0,0.0,-0.12,0.0,0.0
13.229999999999999,20.912772838247772,-0.0,0.0,-6.875493541569878,0.0,0.0,0.86,0.0,0.0,0.0,1.0,0.0,0.0,-0.12,0.0,0.0,-0.12,0.0,0.0
13.26,20.91880680559419,-0.0,0.0,-6.875493541569878,0.0,0.0,0.86,0.0,0.0,0.0,1.0,0.0,0.0,-0.12,0.0,0.0,-0.12,0.0,0.0
13.29,20.910370953803458,-0.0,0.0,-6.875493541569878,0.0,0.0,0.86,0.0,0.0,0.0,1.0,0.0,0.0,-0.12,0.0,0.0,-0.12,0.0,0.0
13.32,20.894461356578123,-0.0,0.0,-6.875493541569878,0.0,0.0,0.86,0.0,0.0,0.0,1.0,0.0,0.0,-0.12,0.0,0.0,-0.12,0.0,0.0
13.35,20.88020997346421,-0.0,0.0,-6.875493541569878,0.0,0.0,0.86,0.0,0.0,0.0,1.0,0.0,0.0,-0.12,0.0,0.0,-0.12,0.0,0.0
13.379999999999999,20.873233350436802,-0.0,0.0,-6.875493541569878,0.0,0.0,0.86,0.0,0.0,0.0,1.0,0.0,0.0,-0.12,0.0,0.0,-0.12,0.0,0.0
13.41,20.873601436324016,-0.0,0.0,-6.875493541569878,0.0,0.0,0.86,0.0,0.0,0.0,1.0,0.0,0.0,-0.12,0.0,0.0,-0.12,0.0,0.0
13.44,20.87741855647849,-0.0,0.0,-6.875493541569878,0.0,0.0,0.86,0.0,0.0,0.0,1.0,0.0,0.0,-0.12,0.0,0.0,-0.12,0.0,0.0
13.469999999999999,20.88006170247474,-0.0,0.0,-6.875493541569878,0.0,0.0,0.86,0.0,0.0,0.0,1.0,0.0,0.0,-0.12,0.0,0.0,-0.12,0.0,0.0
13.5,20.87884436878991,-0.0,0.0,-6.875493541569878,0.0,0.0,0.86,0.0,0.0,0.0,1.0,0.0,0.0,-0.12,0.0,0.0,-0.12,0.0,0.0
13.53,20.873871651717913,-0.0,0.0,-6.875493541569878,0.0,0.0,0.86,0.0,0.0,0.0,1.0,0.0,0.0,-0.12,0.0,0.0,-0.12,0.0,0.0
13.559999999999999,20.867184454072763,-0.0,0.0,-6.875493541569878,0.0,0.0,0.86,0.0,0.0,0.0,1.0,0.0,0.0,-0.12,0.0,0.0,-0.12,0.0,0.0
13.59,20.861151708484403,-0.0,0.0,-6.875493541569878,0.0,0.0,0.86,0.0,0.0,0.0,1.0,0.0,0.0,-0.12,0.0,0.0,-0.12,0.0,0.0
13.62,20.857163634055258,-0.0,0.0,-6.875493541569878,0.0,0.0,0.86,0.0,0.0,0.0,1.0,0.0,0.0,-0.12,0.0,0.0,-0.12,0.0,0.0
13.65,20.85520315793004,-0.0,0.0,-6.875493541569878,0.0,0.0,0.86,0.0,0.0,0.0,1.0,0.0,0.0,-0.12,0.0,0.0,-0.12,0.0,0.0
13.68,20.85425143756388,-0.0,0.0,-6.875493541569878,0.0,0.0,0.86,0.0,0.0,0.0,1.0,0.0,0.0,-0.12,0.0,0.0,-0.12,0.0,0.0
13.709999999999999,20.853077366184014,-0.0,0.0,-6.875493541569878,0.0,0.0,0.86,0.0,0.0,0.0,1.0,0.0,0.0,-0.12,0.0,0.0,-0.12,0.0,0.0
13.74,20.850905519025776,-0.0,0.0,-6.875493541569878,0.0,0.0,0.86,0.0,0.0,0.0,1.0,0.0,0.0,-0.12,0.0,0.0,-0.12,0.0,0.0
13.77,20.84766914867932,-0.0,0.0,-6.875493541569878,0.0,0.0,0.86,0.0,0.0,0.0,1.0,0.0,0.0,-0.12,0.0,0.0,-0.12,0.0,0.0
13.799999999999999,20.84384597449861,-0.0,0.0,-6.875493541569878,0.0,0.0,0.86,0.0,0.0,0.0,1.0,0.0,0.0,-0.12,0.0,0.0,-0.12,0.0,0.0
13.83,20.840077724732847,-0.0,0.0,-6.875493541569878,0.0,0.0,0.86,0.0,0.0,0.0,1.0,0.0,0.0,-0.12,0.0,0.0,-0.12,0.0,0.0
13.86,20.83681870348064,-0.0,0.0,-6.875493541569878,0.0,0.0,0.86,0.0,0.0,0.0,1.0,0.0,0.0,-0.12,0.0,0.0,-0.12,0.0,0.0
13.889999999999999,20.834172159622046,-0.0,0.0,-6.875493541569878,0.0,0.0,0.86,0.0,0.0,0.0,1.0,0.0,0.0,-0.12,0.0,0.0,-0.12,0.0,0.0
13.92,20.83193757814193,-0.0,0.0,-6.875493541569878,0.0,0.0,0.86,0.0,0.0,0.0,1.0,0.0,0.0,-0.12,0.0,0.0,-0.12,0.0,0.0
13.95,20.829786347173,-0.0,0.0,-6.875493541569878,0.0,0.0,0.86,0.0,0.0,0.0,1.0,0.0,0.0,-0.12,0.0,0.0,-0.12,0.0,0.0
13.979999999999999,20.82744776992671,-0.0,0.0,-6.875493541569878,0.0,0.0,0.86,0.0,0.0,0.0,1.0,0.0,0.0,-0.12,0.0,0.0,-0.12,0.0,0.0
14.01,20.82481704993517,-0.0,0.0,-6.875493541569878,0.0,0.0,0.86,0.0,0.0,0.0,1.0,0.0,0.0,-0.12,0.0,0.0,-0.12,0.0,0.0
14.04,20.821958182147508,-0.0,0.0,-6.875493541569878,0.0,0.0,0.86,0.0,0.0,0.0,1.0,0.0,0.0,-0.12,0.0,0.0,-0.12,0.0,0.0
14.07,20.81903008913235,-0.0,0.0,-6.875493541569878,0.0,0.0,0.86,0.0,0.0,0.0,1.0,0.0,0.0,-0.12,0.0,0.0,-0.12,0.0,0.0
14.1,20.816190614710933,-0.0,0.0,-6.875493541569878,0.0,0.0,0.86,0.0,0.0,0.0,1.0,0.0,0.0,-0.12,0.0,0.0,-0.12,0.0,0.0
14.129999999999999,20.813527152522145,-0.0,0.0,-6.875493541569878,0.0,0.0,0.86,0.0,0.0,0.0,1.0,0.0,0.0,-0.12,0.0,0.0,-0.12,0.0,0.0
14.16,20.81103698483221,-0.0,0.0,-6.875493541569878,0.0,0.0,0.86,0.0,0.0,0.0,1.0,0.0,0.0,-0.12,0.0,0.0,-0.12,0.0,0.0
14.19,20.808652097083755,-0.0,0.0,-6.875493541569878,0.0,0.0,0.86,0.0,0.0,0.0,1.0,0.0,0.0,-0.12,0.0,0.0,-0.12,0.0,0.0
14.219999999999999,20.80628544402904,-0.0,0.0,-6.875493541569878,0.0,0.0,0.86,0.0,0.0,0.0,1.0,0.0,0.0,-0.12,0.0,0.0,-0.12,0.0,0.0
14.25,20.803872939297644,-0.0,0.0,-6.875493541569878,0.0,0.0,0.86,0.0,0.0,0.0,1.0,0.0,0.0,-0.12,0.0,0.0,-0.12,0.0,0.0
14.28,20.801394511975623,-0.0,0.0,-6.875493541569878,0.0,0.0,0.86,0.0,0.0,0.0,1.0,0.0,0.0,-0.12,0.0,0.0,-0.12,0.0,0.0
14.309999999999999,20.79887108916493,-0.0,0.0,-6.875493541569878,0.0,0.0,0.86,0.0,0.0,0.0,1.0,0.0,0.0,-0.12,0.0,0.0,-0.12,0.0,0.0
14.34,20.796345320066955,-0.0,0.0,-6.875493541569878,0.0,0.0,0.86,0.0,0.0,0.0,1.0,0.0,0.0,-0.12,0.0,0.0,-0.12,0.0,0.0
14.37,20.79385842720302,-0.0,0.0,-6.875493541569878,0.0,0.0,0.86,0.0,0.0,0.0,1.0,0.0,0.0,-0.12,0.0,0.0,-0.12,0.0,0.0
14.399999999999999,20.79143372593151,-0.0,0.0,-6.875493541569878,0.0,0.0,0.86,0.0,0.0,0.0,1.0,0.0,0.0,-0.12,0.0,0.0,-0.12,0.0,0.0
14.43,20.789071718371922,-0.0,0.0,-6.875493541569878,0.0,0.0,0.86,0.0,0.0,0.0,1.0,0.0,0.0,-0.12,0.0,0.0,-0.12,0.0,0.0
14.459999999999999,20.786755635537688,-0.0,0.0,-6.875493541569878,0.0,0.0,0.86,0.0,0.0,0.0,1.0,0.0,0.0,-0.12,0.0,0.0,-0.12,0.0,0.0
14.49,20.784462421677905,-0.0,0.0,-6.875493541569878,0.0,0.0,0.86,0.0,0.0,0.0,1.0,0.0,0.0,-0.12,0.0,0.0,-0.12,0.0,0.0
14.52,20.782173360557923,-0.0,0.0,-6.875493541569878,0.0,0.0,0.86,0.0,0.0,0.0,1.0,0.0,0.0,-0.12,0.0,0.0,-0.12,0.0,0.0
14.549999999999999,20.779880264676674,-0.0,0.0,-6.875493541569878,0.0,0.0,0.86,0.0,0.0,0.0,1.0,0.0,0.0,-0.12,0.0,0.0,-0.12,0.0,0.0
14.58,20.77758598901682,-0.0,0.0,-6.875493541569878,0.0,0.0,0.86,0.0,0.0,0.0,1.0,0.0,0.0,-0.12,0.0,0.0,-0.12,0.0,0.0
14.61,20.77530056409823,-0.0,0.0,-6.875493541569878,0.0,0.0,0.86,0.0,0.0,0.0,1.0,0.0,0.0,-0.12,0.0,0.0,-0.12,0.0,0.0
14.639999999999999,20.77303557652745,-0.0,0.0,-6.875493541569878,0.0,0.0,0.86,0.0,0.0,0.0,1.0,0.0,0.0,-0.12,0.0,0.0,-0.12,0.0,0.0
14.67,20.77079938700936,-0.0,0.0,-6.875493541569878,0.0,0.0,0.86,0.0,0.0,0.0,1.0,0.0,0.0,-0.12,0.0,0.0,-0.12,0.0,0.0
14.7,20.768594767051262,-0.0,0.0,-6.875493541569878,0.0,0.0,0.86,0.0,0.0,0.0,1.0,0.0,0.0,-0.12,0.0,0.0,-0.12,0.0,0.0
14.729999999999999,20.766419209123317,-0.0,0.0,-6.875493541569878,0.0,0.0,0.86,0.0,0.0,0.0,1.0,0.0,0.0,-0.12,0.0,0.0,-0.12,0.0,0.0
14.76,20.764267105463873,-0.0,0.0,-6.875493541569878,0.0,0.0,0.86,0.0,0.0,0.0,1.0,0.0,0.0,-0.12,0.0,0.0,-0.12,0.0,0.0
14.79,20.762132516176585,-0.0,0.0,-6.875493541569878,0.0,0.0,0.86,0.0,0.0,0.0,1.0,0.0,0.0,-0.12,0.0,0.0,-0.12,0.0,0.0
14.82,20.760011369476096,-0.0,0.0,-6.875493541569878,0.0,0.0,0.86,0.0,0.0,0.0,1.0,0.0,0.0,-0.12,0.0,0.0,-0.12,0.0,0.0
14.85,20.75790244609552,-0.0,0.0,-6.875493541569878,0.0,0.0,0.86,0.0,0.0,0.0,1.0,0.0,0.0,-0.12,0.0,0.0,-0.12,0.0,0.0
14.879999999999999,20.75580710528671,-0.0,0.0,-6.875493541569878,0.0,0.0,0.86,0.0,0.0,0.0,1.0,0.0,0.0,-0.12,0.0,0.0,-0.12,0.0,0.0
14.91,20.75372816825555,-0.0,0.0,-6.875493541569878,0.0,0.0,0.86,0.0,0.0,0.0,1.0,0.0,0.0,-0.12,0.0,0.0,-0.12,0.0,0.0
14.94,20.7516685638275,-0.0,0.0,-6.875493541569878,0.0,0.0,0.86,0.0,0.0,0.0,1.0,0.0,0.0,-0.12,0.0,0.0,-0.12,0.0,0.0
14.969999999999999,20.7496302677243,-0.0,0.0,-6.875493541569878,0.0,0.0,0.86,0.0,0.0,0.0,1.0,0.0,0.0,-0.12,0.0,0.0,-0.12,0.0,0.0
15.0,20.747613828109188,-0.0,0.0,-6.875493541569878,0.0,0.0,0.86,0.0,0.0,0.0,1.0,0.0,0.0,-0.12,0.0,0.0,-0.12,0.0,0.0
15.03,20.745618493491445,-0.0,0.0,-6.875493541569878,0.0,0.0,0.86,0.0,0.0,0.0,1.0,0.0,0.0,-0.12,0.0,0.0,-0.12,0.0,0.0
15.059999999999999,20.743642749812462,-0.0,0.0,-6.875493541569878,0.0,0.0,0.86,0.0,0.0,0.0,1.0,0.0,0.0,-0.12,0.0,0.0,-0.12,0.0,0.0
15.09,20.741684984630723,-0.0,0.0,-6.875493541569878,0.0,0.0,0.86,0.0,0.0,0.0,1.0,0.0,0.0,-0.12,0.0,0.0,-0.12,0.0,0.0
15.12,20.739744025455007,-0.0,0.0,-6.875493541569878,0.0,0.0,0.86,0.0,0.0,0.0,1.0,0.0,0.0,-0.12,0.0,0.0,-0.12,0.0,0.0
15.149999999999999,20.737819405103796,-0.0,0.0,-6.875493541569878,0.0,0.0,0.86,0.0,0.0,0.0,1.0,0.0,0.0,-0.12,0.0,0.0,-0.12,0.0,0.0
15.18,20.735911333937494,-0.0,0.0,-6.875493541569878,0.0,0.0,0.86,0.0,0.0,0.0,1.0,0.0,0.0,-0.12,0.0,0.0,-0.12,0.0,0.0
15.209999999999999,20.734020459537394,20.05352282957881,-17.188733853924695,-6.875493541569878,2.6999999999999997,-2.6999999999999997,0.86,0.0,0.0,0.0,1.0,0.0,0.0,-0.12,0.047123889803846894,-0.047123889803846894,-0.12,0.047123889803846894,-0.047123889803846894
15.24,20.732147542998714,-24.000000000000004,2.785604272024441,-6.875493541569878,0.0,0.0,0.86,0.0,1.0,0.0,1.0,0.0,0.0,-0.12,0.0,0.0,-0.12,0.0,0.0
15.27,20.72988522689055,-24.000000000000004,-15.336422155663689,-6.875493541569878,-2.6999999999999997,-2.6999999999999997,0.86,0.0,1.0,0.0,1.0,0.0,0.0,-0.12,-0.047123889803846894,-0.047123889803846894,-0.12,-0.047123889803846894,-0.047123889803846894
15.299999999999999,20.728392262836955,-20.418779657391166,-13.619283902312205,-6.875493541569878,-5.3999999999999995,-5.3999999999999995,0.86,0.0,0.0,0.0,1.0,0.0,0.0,-0.12,-0.09424777960769379,-0.09424777960769379,-0.12,-0.09424777960769379,-0.09424777960769379
15.33,20.727189610997677,-10.119551646917891,-10.114592328802626,-6.875493541569878,-8.099999999999998,-8.099999999999998,0.86,0.0,0.0,0.0,1.0,0.0,0.0,-0.12,-0.14137166941154067,-0.14137166941154067,-0.12,-0.14137166941154067,-0.14137166941154067
15.36,20.7253888982109,4.981860557576594,-5.123293062300499,-6.875493541569878,-5.399999999999999,-6.313975837380299,0.86,0.0,0.0,0.0,1.0,0.0,0.0,-0.12,-0.09424777960769377,-0.11019966725365228,-0.12,-0.09424777960769377,-0.11019966725365228
15.389999999999999,20.719103453314574,13.97829849605562,-2.4905733040851965,-6.875493541569878,-2.699999999999999,-4.019934317403238,0.86,0.0,0.0,0.0,1.0,0.0,0.0,-0.12,-0.04712388980384688,-0.07016108955259728,-0.12,-0.04712388980384688,-0.07016108955259728
15.42,20.69158819529086,16.905666990771845,-2.6143455482601747,-6.875493541569878,7.951386703658792e-16,-3.1765810559173997,0.86,0.0,0.0,0.0,1.0,0.0,0.0,-0.12,1.3877787807814457e-17,-0.05544179838223673,-0.12,1.3877787807814457e-17,-0.05544179838223673
15.45,20.630003509654678,13.909008765963483,-4.238429450096668,-6.875493541569878,2.7000000000000006,-3.813690092424961,0.86,0.0,0.0,0.0,1.0,0.0,0.0,-0.12,0.04712388980384691,-0.06656144876350242,-0.12,0.04712388980384691,-0.06656144876350242
15.479999999999999,20.542802203104976,5.179481807646897,-6.111533359987479,-6.875493541569878,4.187689084588139,-5.192396052962471,0.86,0.0,0.0,0.0,1.0,0.0,0.0,-0.12,0.07308896257589034,-0.09062440719175299,-0.12,0.07308896257589034,-0.09062440719175299
15.51,20.460941425498348,-6.806327559783081,-7.629807613179348,-6.875493541569878,1.4876890845881388,-6.6548429890925975,0.86,0.0,0.0,0.0,1.0,0.0,0.0,-0.12,0.02596507277204345,-0.11614892136292691,-0.12,0.02596507277204345,-0.11614892136292691
15.54,20.423371411906363,-14.085450234133372,-8.734833030082823,-6.875493541569878,-1.2123109154118612,-7.9028370136867325,0.86,0.0,0.0,0.0,1.0,0.0,0.0,-0.12,-0.021158817031803445,-0.13793052613730966,-0.12,-0.021158817031803445,-0.13793052613730966
15.57,20.44851019958674,-16.77518932590194,-9.601405388668107,-6.875493541569878,-3.912310915411861,-8.921978038675558,0.86,0.0,0.0,0.0,1.0,0.0,0.0,-0.12,-0.06828270683565034,-0.15571789256551447,-0.12,-0.06828270683565034,-0.15571789256551447
15.6,20.52389958857774,-14.985068426148572,-10.394134299991014,-6.875493541569878,-6.612310915411861,-9.805271795464831,0.86,0.0,0.0,0.0,1.0,0.0,0.0,-0.12,-0.11540659663949723,-0.17113427688379731,-0.12,-0.11540659663949723,-0.17113427688379731
15.629999999999999,20.613169984768522,-8.810326061964169,-11.18291016397047,-6.875493541569878,-7.931120003343246,-10.631854816568216,0.86,0.0,0.0,0.0,1.0,0.0,0.0,-0.12,-0.1384241574291233,-0.18556087214313313,-0.12,-0.1384241574291233,-0.18556087214313313
15.66,20.66816324009132,-0.844976774182621,-11.965724720514583,-6.875493541569878,-5.2311200033432455,-11.432176758936036,0.86,0.0,0.0,0.0,1.0,0.0,0.0,-0.12,-0.09130026762527642,-0.1995291251134079,-0.12,-0.09130026762527642,-0.1995291251134079
15.69,20.64936982091606,1.6438631988726842,-12.731462885108256,-6.875493541569878,-2.531120003343246,-12.211748434639368,0.86,0.0,0.0,0.0,1.0,0.0,0.0,-0.12,-0.044176377821429524,-0.2131352176097205,-0.12,-0.044176377821429524,-0.2131352176097205
15.719999999999999,20.55866030074628,-1.1857648603925002,-13.477805969199066,-6.875493541569878,-1.7239069175727983,-12.971382955375187,0.86,0.0,0.0,0.0,1.0,0.0,0.0,-0.12,-0.030087851709551826,-0.2263933411083697,-0.12,-0.030087851709551826,-0.2263933411083697
15.75,20.43756425825816,-5.832223311513573,-14.21294626522892,-6.875493541569878,-4.188896753937263,-13.716320941287426,0.86,0.0,0.0,0.0,1.0,0.0,0.0,-0.12,-0.07311004038230798,-0.23939496168571342,-0.12,-0.07311004038230798,-0.23939496168571342
15.78,20.338310441993144,-6.4836861404303825,-14.93583120880421,-6.875493541569878,-5.565770385833134,-14.448027101797496,0.86,0.0,0.0,0.0,1.0,0.0,0.0,-0.12,-0.09714101864278335,-0.25216564334374025,-0.12,-0.09714101864278335,-0.25216564334374025
15.809999999999999,20.284562329266457,-5.132503937860147,-15.64041851842625,-6.875493541569878,-5.305810517049342,-15.16346195177475,0.86,0.0,0.0,0.0,1.0,0.0,0.0,-0.12,-0.09260386300945375,-0.264652337059355,-0.12,-0.09260386300945375,-0.264652337059355
15.84,20.273245298503166,-4.65053010186969,-16.32296005771244,-6.875493541569878,-4.912642267941552,-15.859160815337363,0.86,0.0,0.0,0.0,1.0,0.0,0.0,-0.12,-0.08574178254822154,-0.2767945728309054,-0.12,-0.08574178254822154,-0.2767945728309054
15.87,20.29278692086969,-5.231331857956103,-16.985539162673405,-6.875493541569878,-5.103856021950282,-16.53498782373899,0.86,0.0,0.0,0.0,1.0,0.0,0.0,-0.12,-0.08907909213077239,-0.28858997930141717,-0.12,-0.08907909213077239,-0.28858997930141717
15.899999999999999,20.33081508148321,-5.841592521997181,-17.631158700954025,-6.875493541569878,-5.546497921978421,-17.19269035006801,0.86,0.0,0.0,0.0,1.0,0.0,0.0,-0.12,-0.096804650693547,-0.30006905388454325,-0.12,-0.096804650693547,-0.30006905388454325
15.93,20.373604066397117,-6.0460330909715605,-18.260437320027304,-6.875493541569878,-5.846219023374305,-17.833338532043584,0.86,0.0,0.0,0.0,1.0,0.0,0.0,-0.12,-0.10203577075060895,-0.31125047400693284,-0.12,-0.10203577075060895,-0.31125047400693284
15.959999999999999,20.40738534567816,-6.084766936465055,-18.872584199959505,-6.875493541569878,-5.989347771228754,-18.456885932793135,0.86,0.0,0.0,0.0,1.0,0.0,0.0,-0.12,-0.10453383865492587,-0.32213342919226506,-0.12,-0.10453383865492587,-0.32213342919226506
15.99,20.42263186739893,-6.212696726088401,-19.467026493882646,-6.875493541569878,-6.123357144144542,-19.062970269446843,0.86,0.0,0.0,0.0,1.0,0.0,0.0,-0.12,-0.10687274344083927,-0.332711596411638,-0.12,-0.10687274344083927,-0.332711596411638
16.02,20.416910714661153,-6.4335404576671325,-20.04385615970018,-6.875493541569878,-6.309467132258096,-19.651501803598844,0.86,0.0,0.0,0.0,1.0,0.0,0.0,-0.12,-0.1101209755042683,-0.34298340943440386,-0.12,-0.1101209755042683,-0.34298340943440386
16.05,20.39421831427631,-6.651268809380877,-20.60362561867246,-6.875493541569878,-6.514548138531765,-20.222776092643013,0.86,0.0,0.0,0.0,1.0,0.0,0.0,-0.12,-0.11370031429704697,-0.3529540267102144,-0.12,-0.11370031429704697,-0.3529540267102144
16.08,20.362196429331007,-6.82705710161733,-21.147115857391086,-6.875493541569878,-6.702053516383104,-20.77737995149186,0.86,0.0,0.0,0.0,1.0,0.0,0.0,-0.12,-0.11697290050574888,-0.3626336900913926,-0.12,-0.11697290050574888,-0.3626336900913926
16.11,20.329226060147878,-6.982284004414403,-21.67520522002993,-6.875493541569878,-6.8701918092018825,-21.3160751126147,0.86,0.0,0.0,0.0,1.0,0.0,0.0,-0.12,-0.11990746731411892,-0.37203569431754757,-0.12,-0.11990746731411892,-0.37203569431754757
16.14,20.30228314815906,-7.140591519886635,-22.18877487345154,-6.875493541569878,-7.032431635612734,-21.72643004504588,0.86,0.0,0.0,1.0,1.0,0.0,0.0,-0.12,-0.12273908646285232,-0.37919773899027054,-0.12,-0.12273908646285232,-0.37919773899027054
16.169999999999998,20.28564281812861,-7.303686030893946,-22.75900476267391,-6.875493541569878,-7.195184272781462,-21.89057201801835,0.86,0.0,0.0,1.0,1.0,0.0,0.0,-0.12,-0.12557965584775033,-0.3820625568593597,-0.12,-0.12557965584775033,-0.3820625568593597
16.2,20.280506743187754,-7.460381842174708,-23.521005918815597,-6.875493541569878,-7.35430281441741,-21.95622880720734,0.86,0.0,0.0,1.0,1.0,0.0,0.0,-0.12,-0.1283567983002693,-0.38320848400699536,-0.12,-0.1283567983002693,-0.38320848400699536
16.23,20.285542863692186,-7.5979877633572075,-24.000000000000004,-6.875493541569878,-7.5005137837812885,-21.982491522882935,0.86,0.0,0.0,1.0,1.0,0.0,0.0,-0.12,-0.13090866111820154,-0.3836668548660496,-0.12,-0.13090866111820154,-0.3836668548660496
16.259999999999998,20.2978365833762,-7.709232833678576,-24.000000000000004,-6.875493541569878,-7.62574521371966,-21.992996609153174,0.86,0.0,0.0,1.0,1.0,0.0,0.0,-0.12,-0.13309436189760673,-0.38385020320967134,-0.12,-0.13309436189760673,-0.38385020320967134
16.29,20.31391388759689,-7.790905454933957,-24.000000000000004,-6.875493541569878,-7.724841358448239,-21.997198643661267,0.86,0.0,0.0,1.0,1.0,0.0,0.0,-0.12,-0.13482391589915324,-0.38392354254712,-0.12,-0.13482391589915324,-0.38392354254712
16.32,20.33062518547768,-7.840819966679446,-24.000000000000004,-6.875493541569878,-7.794428523386962,-21.998879457464508,0.86,0.0,0.0,1.0,1.0,0.0,0.0,-0.12,-0.13603844104446233,-0.3839528782820995,-0.12,-0.13603844104446233,-0.3839528782820995
16.349999999999998,20.345719698092985,-7.8570920988543405,-24.000000000000004,-6.875493541569878,-7.832026668667388,-21.9995517829858,0.86,0.0,0.0,1.0,1.0,0.0,0.0,-0.12,-0.13669465247224893,-0.38396461257609127,-0.12,-0.13669465247224893,-0.38396461257609127
16.38,20.358054337479604,-7.839007368237093,-24.000000000000004,-6.875493541569878,-7.836215088409212,-21.999820713194318,0.86,0.0,0.0,1.0,1.0,0.0,0.0,-0.12,-0.13676775418719928,-0.383969306293688,-0.12,-0.13676775418719928,-0.383969306293688
16.41,20.36748729937223,-7.78768659751333,-24.000000000000004,-6.875493541569878,-7.807097993871683,-21.99992828527773,0.86,0.0,0.0,1.0,1.0,0.0,0.0,-0.12,-0.13625956501890496,-0.3839711837807267,-0.12,-0.13625956501890496,-0.3839711837807267
16.439999999999998,20.37456737775891,-7.706001436821299,-24.000000000000004,-6.875493541569878,-7.746440059641453,-21.99997131411109,0.86,0.0,0.0,1.0,1.0,0.0,0.0,-0.12,-0.13520088434912927,-0.38397193477554215,-0.12,-0.13520088434912927,-0.38397193477554215
16.47,20.380146166705842,-7.598155751659602,-24.000000000000004,-6.875493541569878,-7.657469474852343,-21.999988525644437,0.86,0.0,0.0,1.0,1.0,0.0,0.0,-0.12,-0.1336480547071345,-0.38397223517346835,-0.12,-0.1336480547071345,-0.38397223517346835
16.5,20.385024682553063,-7.469335993249244,-24.000000000000004,-6.875493541569878,-7.544589385890483,-21.999995410257775,0.86,0.0,0.0,1.0,1.0,0.0,0.0,-0.12,-0.13167792549480595,-0.38397235533263885,-0.12,-0.13167792549480595,-0.38397235533263885
16.53,20.38971028430511,-7.325478623371929,-24.000000000000004,-6.875493541569878,-7.413122928379351,-21.999998164103108,0.86,0.0,0.0,1.0,1.0,0.0,0.0,-0.12,-0.12938340295530346,-0.383972403396307,-0.12,-0.12938340295530346,-0.383972403396307
16.56,20.39431529856266,-7.17304237513028,-24.000000000000004,-6.875493541569878,-7.269074596429909,-21.999999265641243,0.86,0.0,0.0,1.0,1.0,0.0,0.0,-0.12,-0.12686928528077995,-0.3839724226217743,-0.12,-0.12686928528077995,-0.3839724226217743
16.59,20.398587185587616,-7.0187271589970885,-24.000000000000004,-6.875493541569878,-7.118866133970217,-21.999999706256496,0.86,0.0,0.0,1.0,1.0,0.0,0.0,-0.12,-0.12424765304650003,-0.3839724303119612,-0.12,-0.12424765304650003,-0.3839724303119612
16.62,20.402030912266493,-6.869165332297975,-24.000000000000004,-6.875493541569878,-6.969045652966872,-21.9999998825026,0.86,0.0,0.0,1.0,1.0,0.0,0.0,-0.12,-0.12163279236607004,-0.383972433388036,-0.12,-0.12163279236607004,-0.383972433388036
16.65,20.404071719146796,-6.730630517248149,-24.000000000000004,-6.875493541569878,-6.825996571535637,-21.999999953001037,0.86,0.0,0.0,1.0,1.0,0.0,0.0,-0.12,-0.11913611490314152,-0.38397243461846586,-0.12,-0.11913611490314152,-0.38397243461846586
16.68,20.404209490580726,-6.6087859472627795,-24.000000000000004,-6.875493541569878,-6.695670196971922,-21.999999981200414,0.86,0.0,0.0,1.0,1.0,0.0,0.0,-0.12,-0.1168614905648173,-0.38397243511063783,-0.12,-0.1168614905648173,-0.38397243511063783
16.71,20.402129705754614,-6.508473738987948,-24.000000000000004,-6.875493541569878,-6.583352322181537,-21.999999992480166,0.86,0.0,0.0,1.0,1.0,0.0,0.0,-0.12,-0.11490117384088235,-0.38397243530750663,-0.12,-0.11490117384088235,-0.38397243530750663
16.74,20.397754499364808,-6.433543290783754,-24.000000000000004,-6.875493541569878,-6.493466903342868,-21.999999996992067,0.86,0.0,0.0,1.0,1.0,0.0,0.0,-0.12,-0.11333237733261342,-0.38397243538625414,-0.12,-0.11333237733261342,-0.38397243538625414
16.77,20.391235262855478,-6.386721990124662,-24.000000000000004,-6.875493541569878,-6.429419955411944,-21.999999998796827,0.86,0.0,0.0,1.0,1.0,0.0,0.0,-0.12,-0.11221454721536545,-0.38397243541775317,-0.12,-0.11221454721536545,-0.38397243541775317
16.8,20.38290157174334,-6.369534139501579,-24.000000000000004,-6.875493541569878,-6.393488465865725,-21.99999999951873,0.86,0.0,0.0,1.0,1.0,0.0,0.0,-0.12,-0.111587424417638,-0.38397243543035275,-0.12,-0.111587424417638,-0.38397243543035275
16.83,20.373188072340618,-6.382272163872171,-24.000000000000004,-6.875493541569878,-6.3867586846695925,-21.999999999807493,0.86,0.0,0.0,1.0,1.0,0.0,0.0,-0.12,-0.11146996757782668,-0.3839724354353926,-0.12,-0.11146996757782668,-0.3839724354353926
16.86,20.36256122406533,-6.42402030464313,-24.000000000000004,-6.875493541569878,-6.409115656653715,-21.999999999923,0.86,0.0,0.0,1.0,1.0,0.0,0.0,-0.12,-0.11186017034972574,-0.38397243543740855,-0.12,-0.11186017034972574,-0.38397243543740855
16.89,20.351462859558033,-6.492727547284237,-24.000000000000004,-6.875493541569878,-6.459282791032028,-21.999999999969198,0.86,0.0,0.0,1.0,1.0,0.0,0.0,-0.12,-0.11273575202091775,-0.3839724354382149,-0.12,-0.11273575202091775,-0.3839724354382149
16.919999999999998,20.340279624089632,-6.585324137704796,-24.000000000000004,-6.875493541569878,-6.534907599035689,-21.99999999998768,0.86,0.0,0.0,1.0,1.0,0.0,0.0,-0.12,-0.1140556539167702,-0.38397243543853743,-0.12,-0.1140556539167702,-0.38397243543853743
16.95,20.32933889861074,-6.697874459918491,-23.767681093658563,-6.875493541569878,-6.63268771556537,-21.99999999999507,0.86,0.0,0.0,1.0,1.0,0.0,0.0,-0.12,-0.11576223889319687,-0.38397243543866644,-0.12,-0.11576223889319687,-0.38397243543866644
16.98,20.318924835103058,-6.825758024244406,-23.403182997573094,-6.875493541569878,-6.748529900772792,-21.99999999999803,0.86,0.0,0.0,1.0,1.0,0.0,0.0,-0.12,-0.11778406643777144,-0.38397243543871806,-0.12,-0.11778406643777144,-0.38397243543871806
17.009999999999998,20.309303950130598,-6.963869800933628,-23.26509667534762,-6.875493541569878,-6.877733840869293,-21.99999999999921,0.86,0.0,0.0,1.0,1.0,0.0,0.0,-0.12,-0.12003910059900491,-0.3839724354387387,-0.12,-0.12003910059900491,-0.3839724354387387
17.04,20.300748790315545,-7.106831091489049,-23.354048246113877,-6.875493541569878,-7.015192191241147,-21.999999999999684,0.86,0.0,0.0,1.0,1.0,0.0,0.0,-0.12,-0.12243820139735373,-0.383972435438747,-0.12,-0.12243820139735373,-0.383972435438747
17.07,20.293550179368026,-7.249202428551308,-23.66185376771383,-6.875493541569878,-7.1555983336272435,-21.999999999999872,0.86,0.0,0.0,1.0,1.0,0.0,0.0,-0.12,-0.12488875087201508,-0.38397243543875026,-0.12,-0.12488875087201508,-0.38397243543875026
17.099999999999998,20.288012592298756,-7.3856904773057925,-24.000000000000004,-6.875493541569878,-7.293653619834374,-21.999999999999947,0.86,0.0,0.0,1.0,1.0,0.0,0.0,-0.12,-0.12729827016611261,-0.3839724354387516,-0.12,-0.12729827016611261,-0.3839724354387516
17.13,20.284432107038665,-7.511341497052524,-24.000000000000004,-6.875493541569878,-7.424266346165264,-21.99999999999998,0.86,0.0,0.0,1.0,1.0,0.0,0.0,-0.12,-0.12957789228559294,-0.38397243543875215,-0.12,-0.12957789228559294,-0.38397243543875215
17.16,20.283060982600446,-7.621714639588554,-24.000000000000004,-6.875493541569878,-7.5427353222192375,-21.999999999999993,0.86,0.0,0.0,1.0,1.0,0.0,0.0,-0.12,-0.1316455659792011,-0.38397243543875237,-0.12,-0.1316455659792011,-0.38397243543875237
17.189999999999998,20.28406625770947,-7.713029297448326,-24.000000000000004,-6.875493541569878,-7.64491170735669,-21.999999999999996,0.86,0.0,0.0,1.0,1.0,0.0,0.0,-0.12,-0.13342888031763545,-0.3839724354387524,-0.12,-0.13342888031763545,-0.3839724354387524
17.22,20.28749127941353,-7.782281933834599,-24.000000000000004,-6.875493541569878,-7.727333843243435,-22.0,0.86,0.0,0.0,1.0,1.0,0.0,0.0,-0.12,-0.13486741796538532,-0.3839724354387525,-0.12,-0.13486741796538532,-0.3839724354387525
17.25,20.293228612806047,-7.827329312986348,-24.000000000000004,-6.875493541569878,-7.787331125089182,-22.0,0.86,0.0,0.0,1.0,1.0,0.0,0.0,-0.12,-0.13591456807584062,-0.3839724354387525,-0.12,-0.13591456807584062,-0.3839724354387525
17.28,20.301010608494146,-7.846936700891222,-24.000000000000004,-6.875493541569878,-7.823094470570406,-22.0,0.86,0.0,0.0,1.0,1.0,0.0,0.0,-0.12,-0.13653875620601622,-0.3839724354387525,-0.12,-0.13653875620601622,-0.3839724354387525
17.31,20.31042057806564,-7.840791257059231,-24.000000000000004,-6.875493541569878,-7.833712542463701,-22.0,0.86,0.0,0.0,1.0,1.0,0.0,0.0,-0.12,-0.13672407652076768,-0.3839724354387525,-0.12,-0.13672407652076768,-0.3839724354387525
17.34,20.32092377971015,-7.809482314190879,-24.000000000000004,-6.875493541569878,-7.819174405500007,-22.0,0.86,0.0,0.0,1.0,1.0,0.0,0.0,-0.12,-0.13647033816364534,-0.3839724354387525,-0.12,-0.13647033816364534,-0.3839724354387525
17.37,20.331913986395012,-7.7544514115444025,-24.000000000000004,-6.875493541569878,-7.780340609126645,-22.0,0.86,0.0,0.0,1.0,1.0,0.0,0.0,-0.12,-0.13579256055588113,-0.3839724354387525,-0.12,-0.13579256055588113,-0.3839724354387525
17.4,20.342768906152013,-7.677915753287913,-24.000000000000004,-6.875493541569878,-7.718885695623406,-22.0,0.86,0.0,0.0,1.0,1.0,0.0,0.0,-0.12,-0.1347199699737213,-0.3839724354387525,-0.12,-0.1347199699737213,-0.3839724354387525
17.43,20.35290652428132,-7.582769231543214,-24.000000000000004,-6.875493541569878,-7.63721581717529,-22.0,0.86,0.0,0.0,1.0,1.0,0.0,0.0,-0.12,-0.13329456169509812,-0.3839724354387525,-0.12,-0.13329456169509812,-0.3839724354387525
17.46,20.361834640233273,-7.472465373712838,-24.000000000000004,-6.875493541569878,-7.5383655510978205,-22.0,0.86,0.0,0.0,1.0,1.0,0.0,0.0,-0.12,-0.1315692990855738,-0.3839724354387525,-0.12,-0.1315692990855738,-0.3839724354387525
17.49,20.369187315813196,-7.350886657282785,-24.000000000000004,-6.875493541569878,-7.425878214808799,-22.0,0.86,0.0,0.0,1.0,1.0,0.0,0.0,-0.12,-0.12960602470053229,-0.3839724354387525,-0.12,-0.12960602470053229,-0.3839724354387525
17.52,20.374744276642648,-7.222204677507674,-24.000000000000004,-6.875493541569878,-7.303674092428124,-22.0,0.86,0.0,0.0,1.0,1.0,0.0,0.0,-0.12,-0.1274731604054794,-0.3839724354387525,-0.12,-0.1274731604054794,-0.3839724354387525
17.55,20.378432049907918,-7.090735702294073,-24.000000000000004,-6.875493541569878,-7.175911058347693,-22.0,0.86,0.0,0.0,1.0,1.0,0.0,0.0,-0.12,-0.12524327479843816,-0.3839724354387525,-0.12,-0.12524327479843816,-0.3839724354387525
17.58,20.38030830295471,-6.960796196194723,-24.000000000000004,-6.875493541569878,-7.046842141055911,-22.0,0.86,0.0,0.0,1.0,1.0,0.0,0.0,-0.12,-0.12299059722971233,-0.3839724354387525,-0.12,-0.12299059722971233,-0.3839724354387525
17.61,20.380533065139034,-6.836562889002188,-24.000000000000004,-6.875493541569878,-6.920674589823677,-22.0,0.86,0.0,0.0,1.0,1.0,0.0,0.0,-0.12,-0.12078855805153121,-0.3839724354387525,-0.12,-0.12078855805153121,-0.3839724354387525
17.64,20.37933199036417,-6.721941831988884,-24.000000000000004,-6.875493541569878,-6.801434935122802,-22.0,0.86,0.0,0.0,1.0,1.0,0.0,0.0,-0.12,-0.1187074334780598,-0.3839724354387525,-0.12,-0.1187074334780598,-0.3839724354387525
17.669999999999998,20.376957418602426,-6.620450564283772,-24.000000000000004,-6.875493541569878,-6.692844312619384,-22.0,0.86,0.0,0.0,1.0,1.0,0.0,0.0,-0.12,-0.11681216957858491,-0.3839724354387525,-0.12,-0.11681216957858491,-0.3839724354387525
17.7,20.37365273352982,-6.5351169741126105,-24.000000000000004,-6.875493541569878,-6.598207909515319,-22.0,0.86,0.0,0.0,1.0,1.0,0.0,0.0,-0.12,-0.11516045275217442,-0.3839724354387525,-0.12,-0.11516045275217442,-0.3839724354387525
17.73,20.36962452138004,-6.468397699305398,-24.000000000000004,-6.875493541569878,-6.520321783389367,-22.0,0.86,0.0,0.0,1.0,1.0,0.0,0.0,-0.12,-0.11380108340965296,-0.3839724354387525,-0.12,-0.11380108340965296,-0.3839724354387525
17.759999999999998,20.365025527527834,-6.422118023822903,-24.000000000000004,-6.875493541569878,-6.461399527649489,-22.0,0.86,0.0,0.0,1.0,1.0,0.0,0.0,-0.12,-0.11277269604428997,-0.3839724354387525,-0.12,-0.11277269604428997,-0.3839724354387525
17.79,20.359949639215216,-6.397434273665401,-24.000000000000004,-6.875493541569878,-6.4230203752590365,-22.0,0.86,0.0,0.0,1.0,1.0,0.0,0.0,-0.12,-0.11210285347095192,-0.3839724354387525,-0.12,-0.11210285347095192,-0.3839724354387525
17.82,20.354438356153246,-6.394818784524905,-24.000000000000004,-6.875493541569878,-6.406099420818558,-22.0,0.86,0.0,0.0,1.0,1.0,0.0,0.0,-0.12,-0.11180752710338561,-0.3839724354387525,-0.12,-0.11180752710338561,-0.3839724354387525
17.849999999999998,20.348496676665363,-6.414066680285277,-24.000000000000004,-6.875493541569878,-6.4108797764985885,-22.0,0.86,0.0,0.0,1.0,1.0,0.0,0.0,-0.12,-0.11189096004941856,-0.3839724354387525,-0.12,-0.11189096004941856,-0.3839724354387525
17.88,20.342115201635224,-6.454323014822466,-24.000000000000004,-6.875493541569878,-6.436945719492916,-22.0,0.86,0.0,0.0,1.0,1.0,0.0,0.0,-0.12,-0.11234589657730672,-0.3839724354387525,-0.12,-0.11234589657730672,-0.3839724354387525
17.91,20.335294647122474,-6.514128306515861,-24.000000000000004,-6.875493541569878,-6.483255271706683,-22.0,0.86,0.0,0.0,1.0,1.0,0.0,0.0,-0.12,-0.11315415073856118,-0.3839724354387525,-0.12,-0.11315415073856118,-0.3839724354387525
17.939999999999998,20.32806888869756,-6.591480123844425,-24.000000000000004,-6.875493541569878,-6.5481901829893285,-22.0,0.86,0.0,0.0,1.0,1.0,0.0,0.0,-0.12,-0.11428747873993376,-0.3839724354387525,-0.12,-0.11428747873993376,-0.3839724354387525
17.97,20.320523095100327,-6.683908130952706,-24.000000000000004,-6.875493541569878,-6.629620951767356,-22.0,0.86,0.0,0.0,1.0,1.0,0.0,0.0,-0.12,-0.11570871376754054,-0.3839724354387525,-0.12,-0.11570871376754054,-0.3839724354387525
18.0,20.312804346954138,-6.7885598376249074,-24.000000000000004,-6.875493541569878,-6.724984283281887,-22.0,0.86,0.0,0.0,1.0,1.0,0.0,0.0,-0.12,-0.11737311788813998,-0.3839724354387525,-0.12,-0.11737311788813998,-0.3839724354387525
